Group,Clade,Order,Taxa,Taxonomic_rank,Era,Early_Period,Early_Epoch,Early_Stage,Late_Period,Late_Epoch,Late_Stage,Age_ref,Max_size_m,Size_type,Size_ref,Distribution,Guild,Vertical,Habitat,Ecology_notes,Ecology_ref,Extinction,Extinction_ref,Notes,Enterer,Age_check
Mammal,Cetacea,Cetacea,Aegyptocetus,genus,Cenozoic,Paleogene,Eocene,Bartonian,Paleogene,Eocene,Bartonian,"G. Bianucci, C. Nocchi, C. Sorbini and W. Landini. 2003. L' Archeoceto Nella Roccia alle Origini dei Cetacei",NA,,,Africa,Macropredator,Pelagic,Coastal,semiaquatic,Bianucci & Gingerich 2011 Journal of Vertrebrate Evolution; PBDB,,,amphibious lifestyle/ Esin: No max. body size (length) found,GH,
Mammal,Cetacea,Cetacea,Aetiocetus,genus,Cenozoic,Paleogene,Oligocene,Rupelian,Paleogene,Oligocene,Chattian,Deméré & Berta 2008 Zoological Journal of the Linnean Society ; Oishi & Hasegawa 1995 The Island Arc,3.06,TL,Pyenson & Sponberg 2011 Journal of Mammal Evolution,North America; Asia,Micropredator,Pelagic,,"bulk filter-feeders (Other toothed mysticetes include the diverse Aetiocetidae, which are thought to have been incipient bulk filter-feeders and possessed baleen); from second ref, not sure about their feeding ecology. some suggest proto-baleen structure, others suggest specialized raptorial suction feeding strategy (some form of proto-baleen was present as a rudimentary oral filter to complement the more traditional raptorial suction feeding strategy of earlier diverging toothed mysticetes) These contrasting interpretations of aetiocetid phylogeny and function underscore the important role that this transitional group plays in reconstructing early mysticete evolution and how the anatomical features of purely suction-aided raptorial feeders could be co-opted in a step-wise fashion for bulk filter feeding in later diverging edentulous mysticetes; dental simplification of Aetiocetus spp. a derived trait unrelated to the loss of dentition in crown Mysticeti",Fitzgerald 2006 Proceedings of the Royal Society; Berta et al. 2016 Integrative and Comparative Biology; Peredo & Pyenson 2018 Royal Society open science,,,"species: cotylalveus, size prediction based on cotylaveus, maximum bound of prediction range is 5.4m ",GH,
Mammal,Cetacea,Cetacea,Aglaocetus,genus,Cenozoic,Neogene,Miocene,Upper Miocene,Neogene,Miocene,Upper Miocene,Cabrera 1926 Revista del Museo de La Plata; Van Deinse 1931 De fossilele en recente Cetacea van Nederland,7.25,TL,Pyenson & Sponberg 2011,North America; South America; Europe,Micropredator,Pelagic,Coastal/Oceanic,"micropredator,pelagic, coastal/oceanic ",Pimiento et al. 2017 Nature Ecology & Evolution,pliocene extinction,Pimiento et al. 2017 Nature Ecology & Evolution,"species: moreni, age: 15.97 to 13.65MA, size prediction based on moreni, maximum bound of prediction range is 12.79m",GH,
Mammal,Cetacea,Cetacea,Albireo,genus,Cenozoic,Neogene,Miocene,Upper Miocene,Neogene,Pliocene,Pliocene,"Barnes 1984 Fossil odontocetes (Mammalia: Cetacea) from the Almejas Formation, Isla Cedros, Mexico ; Domning 1978 Sirenian evolution in the North Pacific Ocean. University of California Publications in Geological Sciences (savagei species)",2.50,TL,"Barnes Lawrence G.,2008 Science Series, Number 41",North America,Macropredator,Benthopelagic,Coastal/Oceanic,"mesopredator,benthopelagic, coastal/oceanic",Pimiento et al. 2017 Nature Ecology & Evolution,pliocene extinction,Pimiento et al. 2017 Nature Ecology & Evolution,"species: A. savage&A.whistleri, size measure from whistleri, age: savagei 3.6 to 2.588 MA whistleri 7.246 to 5.332 MA, (whistleri species based on nearly complete holotypic skeleton from the lower part (,6–8 Ma) of the latest Miocene age",GH,
Mammal,Cetacea,Cetacea,Aprixokogia,genus,Cenozoic,Neogene,Pliocene,Pliocene,Neogene,Pliocene,Pliocene,"Whitmore 1987 Cetacea from the Sahabi Formation, Libya. Neogene Paleontology and Geology of Sahabi 145-151",6.00,TL,Pimiento et. al 2017,North America,Macropredator,Pelagic,Oceanic,"mesopredator, pelagic, oceanic",Pimiento et al. 2017 Nature Ecology & Evolution,pliocene extinction,Pimiento et al. 2017 Nature Ecology & Evolution,species: kellogi,GH,
Mammal,Cetacea,Cetacea,Archaebalaenoptera,genus,Cenozoic,Neogene,Miocene,Upper Miocene,Neogene,Pliocene,Pliocene,Koretsky & Peters 2008 Deinsea; Bisconti 2007 Palaeontology,9.00,TL,Pimiento et al. 2017 Nature Ecology & Evolution,South America; Europe,Micropredator,Pelagic,Coastal/Oceanic,"micropredator, pelagic, coastal/oceanic; advanced lunge feeding behavior",Pimiento et al. 2017 Nature Ecology & Evolution; Berta et al. 2016 Integrative and Comparative Biology,winner of pliocene extinction,Pimiento et al. 2017 Nature Ecology & Evolution,,MG,
Mammal,Desmostylia,Desmostylia,Archaeoparadoxia,genus,Cenozoic,Neogene,Miocene,Lower Miocene,Neogene,Miocene,Lower Miocene,J. M. Clark. 1991. A new early Miocene species of Paleoparadoxia (Mammalia: Desmostylia) from California. Journal of Vertebrate Paleontology 11(4):490-508,NA,,,North America,Herbivore,Benthic,Coastal,amphibious herbivore; foraging on aquatic vegetation,Domning et al. 1986; Matsui et al. 2022,"replaced my Sirenians during late Miocene , competition for food ",Berta et al. 2020 Palaeontologia Electronica,Esin: No max. body size (length) found,CS,
Mammal,Desmostylia,Desmostylia,Ashoroa,genus,Cenozoic,Paleogene,Oligocene,Chattian,Paleogene,Oligocene,Chattian,N. Inuzuka. 2000. Primitive late Oligocene desmostylians from Japan and Phylogeny of the Desmostylia. Bulletin of the Ashoro Museum of Paleontology 1:91-123,1.68,TL,Hayashi et al. 2013 Plos,Asia,Herbivore,Benthic,Coastal,amphibious herbivore; foraging on aquatic vegetation,Domning et al. 1989,,,the smallest and one of the oldest desmotylian,CS,
Mammal,Cetacea,Cetacea,Aulophyseter,genus,Cenozoic,Neogene,Miocene,Middle Miocene,Neogene,Miocene,Upper Miocene,Emslie 1988 The Auk ; Morgan 1994 Proceedings of the San Diego Society of Natural History,6.87,TL,Pyenson & Sponberg 2011 Journal of Mammal Evolution,North America; Asia,Macropredator,,,"several smaller Miocene sperm whales (Physeteroidea, Aulophyseter belongs to this family) have been interpreted as raptorial ",Lambert et al. 2021 Nature,,,"species: morricei, size prediction based on moreni (though this species not found in PBDB), maximum bound of prediction range is 11,43m ",GH,
Mammal,Cetacea,Cetacea,Australodelphis,genus,Cenozoic,Neogene,Pliocene,Pliocene,Neogene,Pliocene,Pliocene,Fordyce & Quilty 1994 Records of the South Australian Museum 27(2),3.00,TL,Pimiento et al. 2017,Antarctica,Macropredator,Pelagic,Oceanic,"mesopredator, pelagic, oceanic",Pimiento et al. 2017 Nature Ecology & Evolution,pliocene extinction,Pimiento et al. 2017 Nature Ecology & Evolution,size estimate presumably from Australodelphis mirus since it's the only species,SK,
Mammal,Cetacea,Cetacea,Balaenella,genus,Cenozoic,Neogene,Pliocene,Pliocene,Neogene,Pliocene,Pliocene,Bisconti 2005 Skull morphology and phylogenetic relationships of a new diminutive balaenid from the lower Pliocene of Belgium. Palaeontology,5.29,TL,Bisconti et al. 2021 Biological Journal of the Linnean Society,Europe,Micropredator,Pelagic,Coastal/Oceanic,"micropredator, pelagic, coastal/oceanic",Pimiento et al. 2017 Nature Ecology & Evolution,pliocene extinction,Pimiento et al. 2017 Nature Ecology & Evolution,species: brachyrhynus,GH,
Mammal,Cetacea,Cetacea,Balaenoptera siberi,genus,Cenozoic,Neogene,Miocene,Upper Miocene,Neogene,Pliocene,Pliocene,"Muizon & DeVries 1985 Geologische Rundschau ; Deméré 1986 The fossil whale, Balaenoptera davidsonii (Cope 1872), with a review of other Neogene species of Balaenoptera (Cetacea: Mysticeti). Marine Mammal Science",7.60,TL,Pyenson & Sponberg 2011,South America,Micropredator,Pelagic,Coastal/Oceanic,"micropredator, pelagic, coastal/oceanic; advanced lunge feeding behavior",Pimiento et al. 2017 Nature Ecology & Evolution; Berta et al. 2016 Integrative and Comparative Biology,,,"species: cortesii/berate/davidsoni/siberi , age:5-3.35MA cortesii and 3.6-2.588 MA bertae, size prediction from siberi species 1. age ref from siberi 2. age ref of species davidsonii, ecological role based on cortesii/berate/davidsoni species, B.bertae likely possessed features characteristic of the living lunge feeding fin whales(Berta et al. 2016 Integrative and Comparative Biology)",GH,
Mammal,Cetacea,Cetacea,Balaenula,genus,Cenozoic,Neogene,Miocene,Lower Miocene,Neogene,Pleistocene,Pleistocene,Flot 1895 Bulletin de la Societe geologique de France; Baldanza et al. 2013 Geology,6.00,TL,Pimiento et al. 2017 Nature Ecology & Evolution,North America; Europe; Asia ,Micropredator,Pelagic,Coastal/Oceanic,"micropredator, pelagic, coastal/oceanic",Pimiento et al. 2017 Nature Ecology & Evolution,winner of pliocene extinction,Pimiento et al. 2017 Nature Ecology & Evolution,,MG,
Mammal,Cetacea,Cetacea,Basilosaurus,genus,Cenozoic,Paleogene,Eocene,Bartonian,Paleogene,Eocene,Priabonian,Blanckenhorn 1900 Zeitschrift der Deutschen Geologischen Gesellschaft; Lancaster 1986 Proceedngs of the Gulf Coast Association of Geological Societies ,20.00,TL,Voss et al. 2019 Plos One,North America; Europe; Antarctica; Africa; Asia,Macropredator,Pelagic,Coastal/Oceanic,"macrophagous predator; apex predator; obligate marine, pelagic stem cetaceans, achieved a global distribution by the late Eocene",Boessenecker 2020 Current Biology; Voss et al. 2019 Plos One; Pyenson et al. 2017 Current Biology,,,"ca. 38-36.5 Ma, fed on dorudon atrox (primitive early whale from eocene, around 5m in length Voss et al. 2019 Plos One); Basilosaurids are the first fully aquatic cetaceans, length based on Basilosaurus cetoides species, they say 17-20m",MG,
Mammal,Carnivora,Carnivora,Batavipusa,genus,Cenozoic,Neogene,Miocene,Upper Miocene,Neogene,Pliocene,Pliocene,"Koretsky, I.A. & Peters,  A.M.M., 2008 Batavipusa (Carnivora, Phocidae, Phocinae): a new genus from the eastern shore of the North Atlantic Ocean (Miocene seals of the Netherlands, part II) ; E. Wijnker, T. J. Bor, F. P. Wesselingh, D. K. Munsterman, H. Brinkhuis, A. W. Burger, H. B. Vonhof, K. Post, K. Hoedemakers, A. C. Janse, and N. Taverne. 2008. Neogene stratigraphy of the Langenboom locality (Noord-Brabant, Netherlands). Netherlands Journal of Geosciences 87(2):165-180",2.30,TL,"Koretsky, I.A. & Peters, A.M.M., 2008",Europe,Macropredator,Benthopelagic,Coastal,mesopredator/benthopelagic,Pimiento et al. 2017 Nature Ecology & Evolution,pliocene extinction,Pimiento et al. 2017 Nature Ecology & Evolution,"Phocidae, 8-11.5 Ma, larger than ""Erignathus barbatus (so >2.3 m)",CS,
Mammal,Desmostylia,Desmostylia,Behemotops ,genus,Cenozoic,Paleogene,Oligocene,Rupelian,Paleogene,Oligocene,Chattian,"L. G. Barnes and J. L. Goedert. 2001. Stratigraphy and paleoecology of Oligocene and Miocene desmostylian occurrences in Western Washington State, U.S.A. Bulletin of the Ashoro Museum of Paleontology 2:7-22;  L. G. Barnes, M. Kimura, H. Furusawa and H. Sawamura. 1995. Classification and distribution of Oligocene Aetiocetidae (Mammalia; Cetacea; Mysticeti) from western North America and Japan. The Island Arc 3(4):392-431",2.90,TL,Hayashi et al. 2013 Plos,North America; Asia,Herbivore,Benthic,Coastal,amphibious herbivore; foraging on aquatic vegetation,Domning et al. 1990,,,"size estimate from B.katsuei , age Early stage (B.proteus)",CS,
Mammal,Cetacea,Cetacea,Bohaskaia,genus,Cenozoic,Neogene,Pliocene,Pliocene,Neogene,Pliocene,Pliocene,"Westgate et al. 2002 Balaena ricei, a new species of bowhead whale from the Yorktown Formation (Pliocene) of Hampton, Virginia. Smithsonian Contributions to Paleobiology",3.00,TL,Pimiento et. al 2017,North America,Macropredator,Benthopelagic,Coastal/Oceanic,"mesopredator, benthopelagic, coastal/oceanic",Pimiento et al. 2017 Nature Ecology & Evolution,pliocene extinction,Pimiento et al. 2017 Nature Ecology & Evolution,"species: monodontoides, age: 5.332 to 3.6 MA",GH,
Mammal,Cetacea,Cetacea,Brabocetus,genus,Cenozoic,Neogene,Pliocene,Pliocene,Neogene,Pliocene,Pliocene,Colpaert et al. 2015 Out of the Pacific: A second fossil porpoise from the Pliocene of the North Sea Basin. Acata Paleontologica Polonica,3.00,TL,Pimiento et. al 2017,Europe,Macropredator,Benthopelagic,Coastal/Oceanic,"mesopredator, benthopelagic, coastal/oceanic",Pimiento et al. 2017 Nature Ecology & Evolution,pliocene extinction,Pimiento et al. 2017 Nature Ecology & Evolution,"species: gigaseorum, extant porpoises only 2 species larger than 2m, fossil phocoenidae were larger",GH,
Mammal,Carnivora,Carnivora,Callorhinus gilmorei,species,Cenozoic,Neogene,Pliocene,Pliocene,Neogene,Pleistocene,Pleistocene,"R. W. Boessenecker. 2011. A new marine vertebrate assemblage from the Late Neogene Purisima Formation in Central California, Part I: Fossil sharks, bony fish, birds, and implications for the age of the Purisimia Formation west of the San Gregorio Fault. PalArch's Journal of Vertebrate Palaeontology ; R. Boessenecker. 2007. New records of fossil fur seals and walruses (Carnivora, Pinnipedia) from the late Neogene of northern California. Journal of Vertebrate Paleontology",2.20,ML,M.Churchill et al. 2014 Evolution,North America; Asia,Macropredator,Pelagic,Coastal,mesopredator/pelagic,Pimiento et al. 2017 Nature Ecology & Evolution,survived Pliocene Ext.,Pimiento et al. 2017 Nature Ecology & Evolution,"Otariidae, Piacenzian: 2m ML , Zanclean: 2,2m ML",CS,
Mammal,Cetacea,Cetacea,Cetotherium,genus,Cenozoic,Neogene,Miocene,Lower Miocene,Neogene,Pleistocene,Pleistocene,Pia & Sickenberg 1934 Katalog der in den Osterreichischen sammlungen befindlichen Saugetierreste des Jung-Tertiars Osterreichs un der Randgebiete. Denkschriften des Naturhistorischen Museums in Wien ; Bogachev 1940 A finding of a new sea mammal in the Apsheron stage near Baku. Priroda,4.00,TL,Gol'din et al. 2014 ACTA PALAEONTOLOGICA POLONICA,Europe; North America; Asia,Micropredator,Pelagic,Coastal/Oceanic,"micropredator, pelagic, coastal/oceanic; A functional analysis of C. riabinini suggests that this Eastern Paratethyan cetotheriid was primarily a benthic suction feeder intermediate between continuous suction feeders such as Herpetocetus and intermittent suction feeders such as Eschrichtus",Pimiento et al. 2017 Nature Ecology & Evolution; Berta et al. 2016 Integrative and Comparative Biology,,,"species: riabinini, rathkii, estimated 2.91m (riabinini), 970mm skull lenght is approx. 1/3 of estimated body lenght (riabinini), fossil: partial skeleton, nearly complete skull (riabinini), max size based on rathkii species",GH,
Mammal,Cetacea,Cetacea,Choneziphius,genus,Cenozoic,Neogene,Miocene,,Neogene,Pleistocene,Pleistocene,Weber 1917 Über Choneziphius planirostris (G. Cuv.) aus der Westerschelde. Sammlungen des Geologischen Reichs-Museum in Leiden ; Lydekker 1887 The Cetacea of the Suffolk Crag. Quarterly Journal of the Geological Society of London,3.00,TL,Pimiento et. al 2017,North America; Europe,Macropredator,Pelagic,Oceanic,"mesopredator, pelagic, oceanic",Pimiento et al. 2017 Nature Ecology & Evolution,pliocene extinction,Pimiento et al. 2017 Nature Ecology & Evolution,species: planirostris,GH,
Mammal,Desmostylia,Desmostylia,Cornwallius,genus,Cenozoic,Paleogene,Oligocene,Chattian,Paleogene,Oligocene,Chattian,"Beatty 2006 B. L. Beatty. 2006. Specimens of Cornwallius sookensis (Desmostylia, Mammalia) from Unalaska Island, Alaska. Journal of Vertebrate Paleontology 26(3):785-787",NA,,,North America,Herbivore,Benthic,Coastal,amphibious herbivore; foraging on aquatic vegetation,Domning et al. 1986; PBDB,,,Esin: No max. body size (length) found,CS,
Mammal,Sirenia,Sirenia,Corystosiren,genus,Cenozoic,Neogene,Pliocene,Pliocene,Neogene,Pliocene,Pliocene,Domning 1990 Journal of Vertebrate Paleontology 10(3); Domning 2001 Nature 413,6.00,TL,Pimiento et al. 2017,North America,Herbivore,Benthic,Coastal,herbivore/benthic/coastal/endotherm,Pimiento et al. 2017 Nature Ecology & Evolution,pliocene extinction,Pimiento et al. 2017 Nature Ecology & Evolution,,SK,
Mammal,Desmostylia,Desmostylia,Desmostylus,genus,Cenozoic,Neogene,Miocene,Lower Miocene,Neogene,Miocene,Upper Miocene,Shikama 1966,2.50,TL,Gingerich 2005,North America; Asia,Herbivore,Benthic,Coastal,amphibious herbivore; foraging on aquatic vegetation,Domning et al. 1986,"replaced my Sirenians during late Miocene, competition for food ",Berta et al. 2020 Palaeontologia Electronica,size estimate based on average size of polar bear because according to Gingerich 2005 Desmostylus similar in size to polar bears; based on skeleton of Desmostylus hesperus,SK,
Mammal,Sirenia,Sirenia,Dioplotherium allisoni,species,Cenozoic,Neogene,Miocene,Lower Miocene,Neogene,Pliocene,Pliocene,Domning 1978; Conkling 1991,5.34,TL,Sarko et al. 2010,South America; North America,Herbivore,Benthic,Coastal,herbivore/benthic/coastal/endotherm,Pimiento et al. 2017 Nature Ecology & Evolution,pliocene extinction,Pimiento et al. 2017 Nature Ecology & Evolution,Domning 1978 not found online; Conkling 1991 for purchase; estimates of body length based on regression analyses,SK,
Mammal,Sirenia,Sirenia,Dioplotherium manigaulti,species,Cenozoic,Paleogene,Oligocene,Chattian,Neogene,Miocene,Middle Miocene,Domning 1989,4.03,TL,Sarko et al. 2010,North America,Herbivore,Benthic,Coastal,herbivore/benthic/coastal/endotherm,Pimiento et al. 2017 Nature Ecology & Evolution,,,Domning 1989 not found online; estimates of body length based on regression analyses,SK,
Mammal,Cetacea,Cetacea,Diorocetus,genus,Cenozoic,Neogene,Miocene,Lower Miocene,Neogene,Miocene,Middle Miocene,Kimura & Hasegawa 2004 Bulletin of the Gunma Museum of Natural History ; Shattuck 1904 Maryland Geological Survey Miocene Text,5.39,TL,Pyenson & Sponberg 2011 Journal of Mammal Evolution,Asia; North America; Europe,Micropredator,Pelagic,Coastal,,Tanaka et al. 2019; PBDB,,,"species: hiatus, size prediction based on hiatus, max size is maximum bound of prediction interval using PLS method, maximum bound of prediction range is 10,16m",GH,
Mammal,Carnivora,Carnivora,Dusignathus,genus,Cenozoic,Neogene,Pliocene,Pliocene,Neogene,Pliocene,Pliocene,"Boessenecker R.W 2013, A new marine vertebrate assemblage from the Late Neogene Purisima Formation in Central California, part II: Pinnipeds and Cetaceans",2.80,TL,Velez-Juarbé et al. 2018 Royal Society ,North America,Macropredator,Benthic,Coastal,mesopredator/benthic,Pimiento et al. 2017 Nature Ecology & Evolution,pliocene extinction,Pimiento et al. 2017 Nature Ecology & Evolution,"Odobenidae, 2,8m based on D. seftoni, D. santacruzensis 2,5m ; 5-2.5 Ma",CS,
Mammal,Sirenia,Sirenia,Dusisiren dewana,species,Cenozoic,Neogene,Miocene,Upper Miocene,Neogene,Pliocene,Pliocene,Domning 1978,4.66,TL,Sarko et al. 2010,North America; Asia,Herbivore,Benthic,Coastal,herbivore/benthic/coastal/endotherm,Pimiento et al. 2017 Nature Ecology & Evolution,pliocene extinction,Pimiento et al. 2017 Nature Ecology & Evolution,estimate of body length based on regression analyses,SK,
Mammal,Sirenia,Sirenia,Dusisiren jordani,species,Cenozoic,Neogene,Miocene,Upper Miocene,Neogene,Miocene,Upper Miocene,Howard 1976; Kellogg 1929,6.19,TL,Sarko et al. 2010,North America,Herbivore,Benthic,Coastal,herbivore/benthic/coastal/endotherm,Pimiento et al. 2017 Nature Ecology & Evolution,,,Howard 1976 online for pay online; Kellogg 1929 not found online,SK,
Mammal,Cetacea,Cetacea,Etruridelphis,genus,Cenozoic,Neogene,Pliocene,Pliocene,Neogene,Pleistocene,Pleistocene,Bianucci et al. 2009 Neus Jahrbuch fur Geologie und Palaontologie Abhandlungen; Capellini 1911 Memorie della R. Accademia delle Scienze dell’Instiuto di Bologna,3.00,TL,Pimiento et al. 2017 Nature Ecology & Evolution,Europe,Macropredator,Benthopelagic,Coastal,"mesopredator, benthopelagic, coastal",Pimiento et al. 2017 Nature Ecology & Evolution,survived Pliocene Ext.,Pimiento et al. 2017 Nature Ecology & Evolution,,MG,
Mammal,Cetacea,Cetacea,Eurhinodelphis cocheteuxi,species,Cenozoic,Neogene,Miocene,Lower Miocene,Neogene,Miocene,Upper Miocene,"Louwye et al. 2000 Geological Magazine 137(4); Van Beneden 1876 Bulletins de l'Academie Royale des Sciences, des Lettres et des Beaux-Arts de Belgique 41",3.84,TL,Pyenson & Sponberg 2011,Europe,,,Coastal,"marine, freshwater",PBDB,,,"3,84m is predicted length based on PSL method, 6.4 m is maximum bound of prediction (PSL method)",SK,
Mammal,Carnivora,Carnivora,Gomphotaria pugnax,species,Cenozoic,Neogene,Miocene,Upper Miocene,Neogene,Miocene,Upper Miocene,"N. A. Smith, R. W. Boessenecker, D. Long and C. Powell. 2017. A new marine vertebrate assemblage from the Wilson Grove Formation at Bloomfield Quarry (Late Miocene), Sonoma County, California. Society of Vertebrate Paleontology Program and Abstracts 2017:195-196 ; L. G. Barnes and R. E. Raschke. 1991. Gomphotaria pugnax, a new genus and species of late Miocene dusignathine otariid pinniped (Mammalia: Carnivora) from California. Contributions in Science 426:1-16",3.30,TL,Velez-Juarbé et al. 2018 Royal Society,North America,Macropredator,,Coastal,,PBDB,,,Odobenidae,CS,
Mammal,Cetacea,Cetacea,Haborophocoena,genus,Cenozoic,Neogene,Pliocene,Pliocene,Neogene,Pliocene,Pliocene,"Ichishima &. Kimura 2005 Harborophocoena toyoshimai, a anew early Pliocene porpoise (Cetacea, Phocoenidae) from Hokkaido, Japan. Journal of Vertebrate Paleontology (from PBDB)",3.00,TL,Pimiento et. al 2017,Asia ,Macropredator,Benthopelagic,Coastal/Oceanic,"mesopredator, benthopelagic, coastal/oceanic",Pimiento et al. 2017 Nature Ecology & Evolution,pliocene extinction,Pimiento et al. 2017 Nature Ecology & Evolution,"species: toyoshimai (age ref paper), age: 5.332 to 3.6 Ma, in paper of age ref says ""small body size""",GH,
Mammal,Cetacea,Cetacea,Hadrodelphis,genus,Cenozoic,Neogene,Miocene,Middle Miocene,Neogene,Pliocene,Pliocene,Whitmore & Kaltenbach 2008 Virginia Museum of Natural History Special Publication 14; Wang et al. 1999 Bulletin of the American Museum of Natural History 243,3.00,TL,Pimiento et al. 2017,North America; Europe,Macropredator,Benthopelagic,Coastal,"mesopredator, benthopelagic, coastal",Pimiento et al. 2017 Nature Ecology & Evolution,pliocene extinction,Pimiento et al. 2017 Nature Ecology & Evolution,,SK,
Mammal,Cetacea,Cetacea,Hadrodelphis calvertense,species,Cenozoic,Neogene,Miocene,Middle Miocene,Neogene,Miocene,Middle Miocene,Case 1904; Dawson 1996,4.00,,Gottfried et al. 1994,North America,Macropredator,Benthopelagic,Coastal,"mesopredator, benthopelagic, coastal",Pimiento et al. 2017,,,"Case 1904 not found; Gottfried et al. 1994 estimate H. calvertense to be > 4 m, however paper not found online",SK,
Mammal,Cetacea,Cetacea,Hemisyntrachelus,genus,Cenozoic,Neogene,Miocene,Upper Miocene,Neogene,Pleistocene,Pleistocene,Muizon 1983 Comptes Rendus de l'Academie des Sciences Paris Serie II; Post & Bosselaer 2005 Deinsea,3.00,TL,Pimiento et al. 2017 Nature Ecology & Evolution,Europe; South America,Macropredator,Pelagic,Coastal/Oceanic,macropredator/pelagic,Pimiento et al. 2017 Nature Ecology & Evolution,survived Pliocene Ext.,Pimiento et al. 2017 Nature Ecology & Evolution,,MG,
Mammal,Cetacea,Cetacea,Herpetocetus,genus,Cenozoic,Neogene,Miocene,Middle Miocene,Neogene,Pleistocene,Pleistocene,"Minch et al. 1970 A middle Miocene age for the Rosarito Beach Formation in Northwestern Baja California, Mexico. Geological Society of America BUlletin ; Boessenecker et al. 2017 Youngest record of extinct walrus Ontocetus ommonsi (Carnivora: Odobenidae): Plio-Pleistocene Austin Sand Pit, South Carolina, USA. Society of Vertebrate Paleontology Program and Abstracts",3.00,TL,Pimiento et. al 2017,North America; Europe; Asia,Micropredator,Benthic,Coastal,"micropredator, benthic, coastal; specialized type of suction feeding, were able to generate concentrated oral suction pressure to draw prey-laden water into their mouths similar to the extant gray whale Eschrichtius robustus, Herpetocetus (and Piscobalaena) likely possessed numerous, but very short baleen laminae along the lateral margins of its elongate palate; Herpetocetus is a small- odied (3–4 m) baleen whale with a unique mandibular articulation (Whitmore and Barnes 2008) which would have restricted its ability to abduct its mandible (Whitmore 1994) and therefore has drastically reduced maximum oral volume. This suggests it was not a lunge feeder (El Adli and Boessenecker 2011) and, in concert with its tiny size, indicates the existence of an additional niche during the Pliocene that is not currently occupied by baleen whales 
",Pimiento et al. 2017 Nature Ecology & Evolution; Berta et al. 2016 Integrative and Comparative Biology,survived Pliocene Ext.,Boessenecker 2013 Naturwissenschaften,"species: morrowi, scaldiensis, bramblei, sendaicus, transatlanticus",GH,
Mammal,Carnivora,Carnivora,Homiphoca capensis,species,Cenozoic,Neogene,Miocene,Upper Miocene,Neogene,Pliocene,Pliocene,"P. V. Rich. 1980. Preliminary report on the fossil avian remains from late Tertiary sediments at Langebaanweg (Cape Province), South Africa. Paleont. Afr. 26(7):69-91 ; J. Pether. 1986. Late Tertiary and early Quaternary marine deposits of the Namaqualand coast, Cape Province: new perspectives. South African Journal of Science 82:464-470",3.30,TL,M.Churchill et al. 2014 Evolution,North America; Africa,Macropredator,Pelagic,Coastal,mesopredator/pelagic,Pimiento et al. 2017 Nature Ecology & Evolution,pliocene extinction ; several drought cycles as animals died in the area (Langebaanweg) as a result of starvation,"Govender, R. (December 2014). ""Preliminary phylogenetics and biogeographic history of the Pliocene seal, Homiphoca capensis from Langebaanweg, South Africa"". Transactions of the Royal Society of South Africa. 70 (1): 25–39","Odobenidae, most closely related to the crabeater seal, During pleistocene decrease in local sea levels resulted in the loss of island!",CS,
Mammal,Sirenia,Sirenia,Hydrodamalis cuestae,species,Cenozoic,Neogene,Miocene,Upper Miocene,Neogene,Pliocene,Pliocene,Barnes et al. 1981 Geologic Investigations of the Coastal Plain; Domning 1978 University of California Publications in Geological Sciences 118,8.12,TL,Sarko et al. 2010,North America; Asia,Herbivore,Benthic,Coastal,herbivore/benthic/coastal/endotherm,Pimiento et al. 2017 Nature Ecology & Evolution,Hydrodamalis as a genus survived the Pliocene extinction event ,Pimiento et al. 2017 Nature Ecology & Evolution,estimated of body length based on regression analyses,SK,
Mammal,Sirenia,Sirenia,Hydrodamalis gigas,species,Cenozoic,Neogene,Pleistocene,Pleistocene,Neogene,Holocene,Holocene,Gard et al. 1972 Geological Society of America Bulletin 83; Mattioli & Domning 2006 Aquatic Mammals 32(3),7.08,TL,Sarko et al. 2010,Asia; North America,Herbivore,Benthic,Coastal,herbivore/benthic/coastal/endotherm,Pimiento et al. 2017 Nature Ecology & Evolution,extirpated from the continental margins of the North Pacific by stone-age hunters ,Anderson 2001 Journal of Mammalogy,estimated of body length based on regression analyses,SK,
Mammal,Carnivora,Carnivora,Imagotaria downsi,species,Cenozoic,Neogene,Miocene,Middle Miocene,Neogene,Pliocene,Upper Miocene,"G. M. Lyon. 1941. A Miocene sea lion from Lomita, California. University of California Publications in Zoology 47:23-41 ; C. A. Repenning and R. H. Tedford. 1977. Otarioid seals of the Neogene. United States Geological Survey Professional Paper 992:1-93",2.50,TL,Velez-Juarbé et al. 2018 Royal Society,North America; Asia,Macropredator,Benthic,Coastal,mesopredator/benthic,Pimiento et al. 2017 Nature Ecology & Evolution,pliocene extinction,Pimiento et al. 2017 Nature Ecology & Evolution,Odobenidae,CS,
Mammal,Cetacea,Cetacea,Janjucetus,genus,Cenozoic,Paleogene,Oligocene,Chattian,Paleogene,Oligocene,Chattian,Fitzgerald 2011 Biology Letters,3.50,TL,Fitzgerald 2006 Proceedings of the Royal Society,Australia,Macropredator,,,macrophagous predator (raptorial feeding on single prey item),Fitzgerald 2006 Proceedings of the Royal Society,,,"species Janjucetus hunderi, PLS multivariate regression equations, max. predicted length 5.2m, earliest well-described stem toothed mysticetes are represented by fossils from the Oligocene (28–24 Ma) of Australia and New Zealand—Janjucetus hunderi, belong to Mammalodontidae (other group Mammalodon probably were suction feeders, single prey item)",MG,
Mammal,Cetacea,Cetacea,Kentriodon,genus,Cenozoic,Paleogene,Oligocene,Chattian,Neogene,Miocene,Upper Miocene,Ichishima et al. 1994 The Island Arc 3,2.00,TL,Ichishima et al. 1994 The Island Arc 3,Australia; Asia; North America; South America; Europe,Macropredator,,,mesopredator,Ichishima et al. 1994 The Island Arc 3,,,,SK,
Mammal,Cetacea,Cetacea,Livyatan melvillei,species,Cenozoic,Neogene,Miocene,Upper Miocene,Neogene,Miocene,Upper Miocene,Lambert et al. 2010 nature,18.00,TL,Voss et al. 2019 Plos One,South America,Macropredator,,,"apex predator; fed mostly on high-energy content medium-size baleen whales (top predator); t, L. melvillei could plausibly have targeted larger species like cetotheriids by means of grip-and-tear feeding (sensu Berta and Lanzetti [137]), and likely overlapped in its diet with C. megalodon ",Voss et al. 2019 Plos One; Lambert et al. 2010 Nature; Collareta et al. 2021 Journal of Marine Science and Engineering,"Baleen whales, in particular, were smaller during the Miocene than they are today, a pattern that only changed with the onset of the Northern Hemisphere glaciation and the extinction of most small species around 3 Ma (pliocene extinction). Both C. megalodon and Livyatan-like physeteroids may have survived until roughly that time, when the decline of small mysticetes and various other marine vertebrates deprived them of their major food source.",Collareta et al. 2021 Journal of Marine Science and Engineering,approximately 12–13 million years ago,MG,
Mammal,Cetacea,Cetacea,Llanocetus,genus,Cenozoic,Paleogene,Eocene,Priabonian,Paleogene,Eocene,Priabonian,"Bargo & Reguero 1998 Associacion Paleontologica Argentina, Publicacion Especial ",12.00,TL,Bisconti et al. 2021 Biological Journal of the Linnean Society,Antarctica,Micropredator,,,"filter - feeding (Llanocetus denticrenatus is known from the Eocene/Oligocene boundary (approx. 34 Myr) of Antarctica, possessed widely spaced teeth with broad palmate denticles, and perhaps ‘proto-baleen’, which supplemented the hypothesized filtering function of its teeth)",Fitzgerald 2006 Proceedings of the Royal Society,,,"species: denticrenatus, stem toothed mysticete",GH,
Mammal,Cetacea,Cetacea,Messapicetus,genus,Cenozoic,Neogene,Miocene,Lower Miocene,Neogene,Miocene,Upper Miocene,Pilleri 1986 ; Fuller & Godfrey 2007 Journal of Vertebrate Paleontology,4.47,TL,Lambert et al. 2013 Zoological Journal of the Linnean Society,Europe; North America; South America,Macropredator,,,raptorial piscivore who may have fed mainly on schools of epipelagic fish,Bianucci et al. 2016 Research in Paleontolgy and Stratigraphy,,,"species: gregarius, longirostris",GH,
Mammal,Sirenia,Sirenia,Metaxytherium arctodites,species,Cenozoic,Neogene,Miocene,Middle Miocene,Neogene,Miocene,Middle Miocene,Minch et al. 1970 Geological Society of America Bulletin 81; Aranda-Manteca et al. 1994 Proceedings of the San Diego Society of Natural History 29,3.52,TL,Sarko et al. 2010,North America,Herbivore,Benthic,Coastal,herbivore/benthic/coastal/endotherm,Pimiento et al. 2017 Nature Ecology & Evolution,,,estimate of body length based on regression analyses,SK,
Mammal,Sirenia,Sirenia,Metaxytherium floridanum,species,Cenozoic,Neogene,Miocene,Middle Miocene,Neogene,Pliocene,Pliocene,Weems et al. 2017 The Geological Society of America Field Guide 47; Hirschfeld & Webb 1968 Bulletin of the Florida State Museum 12(5),4.40,TL,Sarko et al. 2010,North America,Herbivore,Benthic,Coastal,herbivore/benthic/coastal/endotherm,Pimiento et al. 2017 Nature Ecology & Evolution,pliocene extinction,Pimiento et al. 2017 Nature Ecology & Evolution,estimate of body length based on regression analyses,SK,
Mammal,Sirenia,Sirenia,Metaxytherium subapenninum,species,Cenozoic,Neogene,Miocene,Lower Miocene,Neogene,Pliocene,Pliocene,Pilleri 1988 Contributions to the Paleontology of some Tethyan Cetacea and Sirenia (Mammalia) 45-110,5.73,TL,Sarko et al. 2010,Europe,Herbivore,Benthic,Coastal,herbivore/benthic/coastal/endotherm,Pimiento et al. 2017 Nature Ecology & Evolution,pliocene extinction,Pimiento et al. 2017 Nature Ecology & Evolution,estimate of body length based on regression analyses,SK,
Mammal,Cetacea,Cetacea,Mystacodon selenensis,species,Cenozoic,Paleogene,Eocene,Priabonian,Paleogene,Eocene,Priabonian,Martinez-Cacers & Muizon 2011Sixth Triennial Conference on Secondary Adaptation of Tetrapods to Life in Water ,4.00,TL,Lambert et al. 2017 Current Biology,South America,Macropredator,,,The earliest known mysticete Mystacodon selenensis also exhibits evidence of suction feeding,Peredo & Pyenson 2018 Royal Society open science,,,,GH,
Mammal,Cetacea,Cetacea,Nannocetus,genus,Cenozoic,Neogene,Miocene,Middle Miocene,Neogene,Pliocene,Pliocene,Barnes 1998 Avances en investigacion; Barnes et al. 1981 Geologic Investigations of the Coastal Plain,3.00,TL,Pimiento et al. 2017 Nature Ecology & Evolution,North America,Micropredator,Pelagic,Coastal/Oceanic,"micropredator, pelagic, coastal/oceanic",Pimiento et al. 2017 Nature Ecology & Evolution,pliocene extinction,Pimiento et al. 2017 Nature Ecology & Evolution,"approx. 9 Ma; species: eremus, same paper as age says are all pretty small, nannocetus based on posterior part of skull",MG / GH,
Mammal,Carnivora,Carnivora,Nanodobenus arandai,species,Cenozoic,Neogene,Miocene,Middle Miocene,Neogene,Miocene,Upper Miocene,L. G. Barnes. 1998. The sequence of fossil marine mammal assemblages in Mexico. Avances en investigacion 1 ,1.60,TL,Velez-Juarbé et al. 2018 Royal Society,North America,,,,,,,,"Odobenidae, case of dwarfism in a group  that is otherwise characterized by an increase in body size over time ",CS,
Mammal,Sirenia,Sirenia,Nanosiren garciae,species,Cenozoic,Neogene,Pliocene,Pliocene,Neogene,Pliocene,Pliocene,Domning & Aguilera 2008; Domning 1990 Journal of Vertebrate Paleontology 10(3),2.00,TL,Domning & Aguilera 2008,North America,Herbivore,Benthic,Coastal,"herbivore, diet consisted mainly of seagrass",Domning & Aguilera 2008,,,,SK,
Mammal,Sirenia,Sirenia,Nanosiren sanchezi,species,Cenozoic,Neogene,Miocene,Upper Miocene,Neogene,Miocene,Upper Miocene,Domning & Aguilera 2008,2.00,TL,Domning & Aguilera 2008,South America,Herbivore,Benthic,Coastal,herbivore,Domning & Aguilera 2009,,,,SK,
Mammal,Desmostylia,Desmostylia,Neoparadoxia,genus,Cenozoic,Neogene,Miocene,Middle Miocene,Neogene,Miocene,Middle Miocene,"L. G. Barnes. 2013. A new genus and species of Late Miocene paleoparadoxiid (Mammalia, Desmostylia) from California. Contributions in Science 521:51-114; D. P. Domning and L. G. Barnes. 2007. A new name for the 'Stanford Skeleton' of Paleoparadoxia (Mammalia, Desmostylia). Journal of Vertebrate Paleontology 27(3):748-751",2.70,,"Barnes, L.. (2013, September 11) .A new genus and species of late Miocene Paleoparadoxiid (Mammalia, Desmostylia) from California. Natural History Museum of Los Angeles County Contributions in Science, (521), 51–114",North America,Herbivore,,Coastal,amphibious herbivore; foraging on aquatic vegetation,Domning et al. 1988,"replaced my Sirenians during late Miocene, competition for food ",Berta et al. 2020 Palaeontologia Electronica,"snout to tail body length of N. cecilialina (juvenile 2,44m and adult size estimated 2,7m), N. repenningi 2,2m estimated",CS,
Mammal,Carnivora,Carnivora,Neotherium,genus,Cenozoic,Neogene,Miocene,Lower Miocene,Neogene,Miocene,Middle Miocene,"W. Tonomori. 2022. First report of Neotherium mandible from the Miocene Shimane, Japan: Review of basal odobenids in the western North Pacific. Historical Biology 34(1):52-61 ; E. D. Mitchell. 1966. The Miocene pinniped Allodesmus. University of California Publications in Geological Sciences 61:1-105",2.00,TL,Velez-Juarbé et al. 2018 Royal Society,North America; Asia,Macropredator,,,piscivorous,Kohno et al. 1994 Island Arc Volume 3 Issue 4,,,Odobenidae,CS,
Mammal,Cetacea,Cetacea,Ninoziphius,genus,Cenozoic,Neogene,Miocene,Lower Miocene,Neogene,Pliocene,Pliocene,"Boreske et al. 1972 Journal of Paleontology; Morgan 1994 Contributions in Marine Mammal Paleontology Honoring Frank C. Whitmore Jr., Proceedings of the San Diego Society of Natural History",4.41,TL,Lambert et al. 2013 Zoological Journal of the Linnean Society,North America; South America,Macropredator,Pelagic,Oceanic,"mesopredator, pelagic, oceanic; aquatic piscivore-carnivore from PBDB",Pimiento et al. 2017 Nature Ecology & Evolution,pliocene extinction,Pimiento et al. 2017 Nature Ecology & Evolution,"species: platyrostris(size), body size estimated based on skull size",MG / GH,
Mammal,Cetacea,Cetacea,Numataphocoena,genus,Cenozoic,Neogene,Pliocene,Pliocene,Neogene,Pliocene,Pliocene,Ichishima & Kimura 2000 Journal of Vertebrate Paleontology,3.00,TL,Pimiento et al. 2017 Nature Ecology & Evolution,Asia,Macropredator,Benthopelagic,Coastal/Oceanic,"mesopredator, benthopelagic, coastal/oceanic",Pimiento et al. 2017 Nature Ecology & Evolution,pliocene extinction,Pimiento et al. 2017 Nature Ecology & Evolution,,MG,
Mammal,Carnivora,Carnivora,Ontocetus ,genus,Cenozoic,Neogene,Miocene,Middle Miocene,Neogene,Pleistocene,Pleistocene,Van Deinse 1931 De fossilele en recente Cetacea van Nederland; Boessenecker et al. 2017 Society of Vertebrate Paleontology Program and Abstracts ,3.00,TL,Pimiento et al. 2017 Nature Ecology & Evolution,North America; Europe; Asia,Macropredator,Benthic,Coastal,mesopredator/benthic,Pimiento et al. 2017 Nature Ecology & Evolution,survived Pliocene Ext.,Pimiento et al. 2017 Nature Ecology & Evolution,Odobenidae,CS,
Mammal,Cetacea,Cetacea,Orcinus citoniensis,species,Cenozoic,Neogene,Pliocene,Pliocene,Neogene,Pleistocene,Pleistocene,Capellini 1883; Lydekker 1887,3.50,TL,Citron et al. 2022,Europe,Macropredator,Pelagic,Coastal/Oceanic,mesopredator,Citron et al. 2022,pliocene extinction,Pimiento et al. 2017 Nature Ecology & Evolution,Citron: length estimated based on the nearly complete vertebral column of the holotype (updated size since Pimiento et al 2017); Capellini 1883 not found online; Lydekker has to be purchased online,SK,
Mammal,Carnivora,Carnivora,Oriensarctos,genus,Cenozoic,Neogene,Pleistocene,Pleistocene,Neogene,Pleistocene,Pleistocene,Mitchell 1968 Journal of the Fisheries Research Board of Canada,3.00,TL,Pimiento et al. 2017 Nature Ecology & Evolution,Asia,Macropredator,Benthopelagic,Coastal,mesopredator/benthopelagic,Pimiento et al. 2017 Nature Ecology & Evolution,,,Otariidae,MG,
Mammal,Cetacea,Cetacea,Orycterocetus,genus,Cenozoic,Neogene,Miocene,Lower Miocene,Neogene,Pliocene,Pliocene,Shattuck 1904Maryland Geological Survey Miocene Text xxxiii-clv; Kohno & Ray 2008 Virginia Museum of Natural History Special Publication,6.00,TL,Pimiento et al. 2017 Nature Ecology & Evolution,North America; Europe,Macropredator,Pelagic,Oceanic,"mesopredator, pelagic, oceanic",Pimiento et al. 2017 Nature Ecology & Evolution,pliocene extinction,Pimiento et al. 2017 Nature Ecology & Evolution,"approx. 15 Ma, Body mass 422569.4 (oryctero crocodilinus), Marino et al. 2004",MG,
Mammal,Desmostylia,Desmostylia,Paleoparadoxia,genus,Cenozoic,Neogene,Miocene,Lower Miocene,Neogene,Miocene,Upper Miocene,"K. Matsui and S. Kawabe. 2015. ￼The Oldest Record of Paleoparadoxia from the Northwest Pacific with an Implication on the Early Evolution of Paleoparadoxiinae (Mammalia: Desmostylia). Paleontological Research19(3):251-265; T. Kimura and Y. Hasegawa. 2019. A new species of Kentriodon (Cetacea, Odontoceti, Kentriodontidae) from the Miocene of Japan. Journal of Vertebrate Paleontology 1-93",3.03,TL,Hayashi et al. 2013 Plos,North America; Asia,Herbivore,Benthic,Coastal,amphibious herbivore; foraging on aquatic vegetation,Domning et al. 1987,"replaced my Sirenians during late Miocene, competition for food ",Berta et al. 2020 Palaeontologia Electronica,one of the largest desmotylian,CS,
Mammal,Cetacea,Cetacea,Parabalaenoptera,genus,Cenozoic,Neogene,Miocene,Upper Miocene,Neogene,Miocene,Upper Miocene,Zeigler et al. 1997 Proceedings of the California Academy of Sciences,8.85,TL,Pyenson & Sponberg 2011 Journal of Mammal Evolution,North America,,,,,,,,"species: bauliensis, size prediction based on bauliensis, maximum bound of prediction interval is 11,46m",GH,
Mammal,Cetacea,Cetacea,Parapontoporia,genus,Cenozoic,Neogene,Miocene,Upper Miocene,Neogene,Pleistocene,Pleistocene,Barnes 1985 Contributions in Science; Boessenecker & Poust 2015 ,3.00,TL,Pimiento et al. 2017 Nature Ecology & Evolution,North America; Asia,Macropredator,Benthic,Coastal,"mesopredator, benthic, coastal",Pimiento et al. 2017 Nature Ecology & Evolution,winner of pliocene extinction,Pimiento et al. 2017 Nature Ecology & Evolution,,MG,
Mammal,Cetacea,Cetacea,Pelocetus,genus,Cenozoic,Neogene,Miocene,Lower Miocene,Neogene,Miocene,Upper Miocene,"Kimura & Hasegawa 2004 Bulletin of the Gunma Museum of Natural History ; Ginsburg, et al. 1979 Compte Rendu Sommaire des Seances de la Societe Geologique de France",11.80,TL,Bisconti et al. 2021 Biological Journal of the Linnean Society,Asia; North America; South America; Europe,,,,,,,,species: calvertensis and mirabilis,GH,
Mammal,Sirenia,Sirenia,Pezosiren portelli,species,Cenozoic,Paleogene,Eocene,Lutetian,Paleogene,Eocene,Lutetian,Domning et al. 1997,2.10,TL,Domning 2001,North America,Herbivore,,,herbivore,Velez-Juarbe et al. 2012 Plos One,,,,SK,
Mammal,Cetacea,Cetacea,Physeterula,genus,Cenozoic,Paleogene,Oligocene,Chattian,Neogene,Pleistocene,Pleistocene,Pilleri 1986 Investigations on Cetacea; Boessenecker et al. 2017 Society of Vertebrate Paleontology Program and Abstracts,6.00,TL,Pimiento et al. 2017 Nature Ecology & Evolution,North America; Europe; Asia,Macropredator,Pelagic,Oceanic,"mesopredator, pelagic, oceanic",Pimiento et al. 2017 Nature Ecology & Evolution,winner of pliocene extinction,Pimiento et al. 2017 Nature Ecology & Evolution,,MG,
Mammal,Cetacea,Cetacea,Piscobalaena,genus,Cenozoic,Neogene,Miocene,Middle Miocene,Neogene,Miocene ,Upper Miocene,"Esperante 2008 Palaeogeography, Palaeoclimatology, Palaeoecology; Muizon 1983 Comptes Rendus de l'Academie des Sciences Paris Serie II",NA,,,North America; South America,Multi,,,bulk filter-feeding (baleen apparatus) but also unusual mandibular morphology suggesting contiunous suction feeding,Marx et al. 2017 Journal of Anatomy,,,Esin: No max. body size (length) found,MG,
Mammal,Carnivora,Carnivora,Pithanotaria starri,species,Cenozoic,Neogene,Miocene,Upper Miocene,Neogene,Miocene,Upper Miocene,"J. F. Parham, J. A. Barron, and J. Velez-Juarbe. 2022. Middle and late Miocene marine mammal assemblages from the Monterey Formation of Orange County, California. Geological Society of America Special Paper 556 ;  R. Kellogg. 1925. New pinnipeds from the Miocene diatomaceous earth near Lompoc, California. Contributions to Palaeontology from the Carnegie Institution of Washington 348:71-95",1.20,TL,M.Churchill et al. 2014 Evolution,North America,,,,,,,,"Otariidae, considered a stem otariid ; Berta & Churchill et al.2018",CS,
Mammal,Cetacea,Cetacea,Plesiobalaenoptera,genus,Cenozoic,Neogene,Miocene,Upper Miocene,Neogene,Pliocene,Pliocene,Marasti 1973 Bollettino della Societa Paleontologica Italiana; Govender 2021Historical Biology ,9.00,TL,Pimiento et al. 2017 Nature Ecology & Evolution,Africa; Europe,Micropredator,Pelagic,Coastal/Oceanic,"micropredator, pelagic, coastal/oceanic; Mandibular morphology suggests that the feeding behavior of P. quarantellii was very similar to the intermittent ram feeding of living balaenopterids, but in this fossil taxon the adduction of the dentary was assisted by the muscles more actively than in modern Balaenopteridae.",Pimiento et al. 2017 Nature Ecology & Evolution; Bisconti 2010 Journal of Vertebrate Paleontology,winner of pliocene extinction,Pimiento et al. 2017 Nature Ecology & Evolution,species: quarantellii,MG,
Mammal,Carnivora,Carnivora,Pliopedia,genus,Cenozoic,Neogene,Pliocene,Pliocene,Neogene,Pliocene,Pliocene,C. A. Repenning and R. H. Tedford. 1977. Otarioid seals of the Neogene. United States Geological Survey Professional Paper 992:1-93,3.00,TL,Pimiento et al. 2017 Nature Ecology & Evolution,North America,Macropredator,Benthic,Coastal,mesopredator/benthic,Pimiento et al. 2017 Nature Ecology & Evolution,pliocene extinction,Pimiento et al. 2017 Nature Ecology & Evolution,"Odobenidae, species: P.pacifica",CS,
Mammal,Carnivora,Carnivora,Pliophoca,genus,Cenozoic,Neogene,Pliocene,Pliocene,Neogene,Pliocene,Pliocene,Augusti et al. 1983 Acta Geologica Hispanica; Mendez et al. 2000 Batalleria,3.00,TL,Pimiento et al. 2017 Nature Ecology & Evolution,Europe; Africa,Macropredator,Benthopelagic,Coastal,mesopredator/benthopelagic,Pimiento et al. 2017 Nature Ecology & Evolution,pliocene extinction,Pimiento et al. 2017 Nature Ecology & Evolution,Phocidae ,MG,
Mammal,Cetacea,Cetacea,Pliopontos,genus,Cenozoic,Neogene,Miocene,Upper Miocene,Neogene,Pliocene,Pliocene,Gutstein et al. 2009 Journal of Mammalogy; Whitmore 1987 Neogene Paleontology and Geology of Sahabi ,3.00,TL,Pimiento et al. 2017 Nature Ecology & Evolution,North America; South America,Macropredator,Benthic,Coastal,"mesopredator, benthic, coastal",Pimiento et al. 2017 Nature Ecology & Evolution,pliocene extinction,Pimiento et al. 2017 Nature Ecology & Evolution,,MG,
Mammal,Carnivora,Carnivora,Pontolis magnus,species,Cenozoic,Neogene,Miocene,Upper Miocene,Neogene,Miocene,Upper Miocene,"J. N. Biewer, J. Velez-Juarbe, and J. F. Parham. 2020. Insights on the dental evolution of walruses based on new fossil specimens from California. Journal of Vertebrate Paleontology e1833896",6.00,TL,Berta & Churchill et al.2018,North America,,,,,,,,"Odobenidae , Tortonian; 8.5–7.7 Ma",CS,
Mammal,Cetacea,Cetacea,Prosqualodon,genus,Cenozoic,Paleogene,Oligocene,Chattian,Neogene,Miocene,Middle Miocene,Darragh & Kendrick 2000 Proceedings of the Royal Society of Victoria ; Benham 1935 Transactions of the Royal Society of New Zealand,3.06,TL,Pyenson & Sponberg 2011 Journal of Mammal Evolution,Australia; South America,,,,,,,,"species: davidis, size prediction based on davidis, maximum bound of prediction interval is 4.86m",GH,
Mammal,Carnivora,Carnivora,Proterozetes,genus,Cenozoic,Neogene,Pleistocene,Pleistocene,Neogene,Pleistocene,Pleistocene,Barnes & Mitchell 1975 Rapports et Proces-verbaux des Reunions; Poust & Boessenecker 2017 Journal of Vertebrate Paleontology ,6.00,TL,Pimiento et al. 2017 Nature Ecology & Evolution,North America,Macropredator,Benthopelagic,Coastal,mesopredator/benthopelagic,Pimiento et al. 2017 Nature Ecology & Evolution,,,Otariidae,MG,
Mammal,Carnivora,Carnivora,Protodobenus japonicus,species,Cenozoic,Neogene,Pliocene,Pliocene,Neogene,Pliocene,Pliocene,"H. Horikawa, L. G. Barnes, S. Miyazaki and S. Kobayashi. 1992. A primitive odobenine walrus from Pliocene deposits of Japan. International Geological Congress",1.70,TL,Velez-Juarbé et al. 2018 Royal Society ; M.Churchill et al. 2014 Evolution,Asia,Macropredator,Benthic,Coastal,mesopredator/benthic,Pimiento et al. 2017 Nature Ecology & Evolution,pliocene extinction,Pimiento et al. 2017 Nature Ecology & Evolution,"Odobenidae, Found only in Japan ",CS,
Mammal,Cetacea,Cetacea,Protoglobicephala,genus,Cenozoic,Neogene,Pliocene,Pliocene,Neogene,Pliocene,Pliocene,Aguirre-Fernández et al. 2009 Boletin de la Sociedad Geologica Mexicana 61(2),3.00,TL,Pimiento et al. 2017,North America,Macropredator,Pelagic,Coastal/Oceanic,"mesopredator, pelagic, coastal/oceanic",Pimiento et al. 2017,pliocene extinction,Pimiento et al. 2017 Nature Ecology & Evolution,size estimate from Protoglobicephala mexicana as it is the only known species?,SK,
Mammal,Sirenia,Sirenia,Protosiren fraasi,species,Cenozoic,Paleogene,Eocene,Lutetian,Paleogene,Eocene,Lutetian,Diedrich 2011 Natural Science 3(11),3.09,TL,Sarko et al. 2010,Europe; Africa,Herbivore,,,herbivore,Velez-Juarbe et al. 2012 Plos One,,,estimated of body length based on regression analyses,SK,
Mammal,Carnivora,Carnivora,Prototaria ,genus,Cenozoic,Neogene,Miocene,Middle Miocene,Neogene,Miocene,Middle Miocene,"N. Kohno. 1994. A new miocene pinniped in the genus Prototaria (Carnivora: Odobenidae) from the Moniwa Formation, Miyagi, Japan. Journal of Vertebrate Paleontology 14(3):414-426",2.10,TL,Velez-Juarbé et al. 2018 Royal Society,Asia,Macropredator,,,piscivorous,Kohno et al. 1994 Island Arc Volume 3 Issue 4,,,"Odobenidae, 2,1 based on P. primigenia , P.planicephala 2,0m",CS,
Mammal,Cetacea,Cetacea,Rodhocetus,genus,Cenozoic,Paleogene,Eocene,Lutetian,Paleogene,Eocene,Lutetian,Gingerich et al. 2001 Science,3.00,TL,Gingerich et al. 2015 Nature,Asia,Macropredator,Pelagic,Coastal,"lived much like sea lions do today, feeding in the sea but still coming onto land to breed and give birth; semiaquatic, was able to move on land",http://www-personal.umich.edu/~gingeric/PDFfiles/PDG387_Whalesgeoscinews.pdf; Pyenson 2017 Current Biology; PBDB,,,"47-million-year-old; belongs to protocetids, first with global distribution",MG,
Mammal,Cetacea,Cetacea,Salishicetus meadi,species,Cenozoic,Paleogene,Oligocene,Chattian,Paleogene,Oligocene,Chattian,Peredo & Pyenson 2018 Royal Society open science,3.09,TL,Peredo & Pyenson 2018 Royal Society open science,North America,Macropredator,,,"ancestral  feeding state for Aetiocetidae to be suction-assisted macrophagous raptorial feeding; processed prey using shearing cheek teeth in the same way as its stem cetacean ancestors (Mammalodontidae and Aetiocetidae), Salishicetus meadi ieach represent aetiocetidswith precise occlusion incompatible with the spacing needed for putative proto-baleen; a tight occlusion for shearing. Because this feeding morphology is   observed  in  more  basal  mysticetes,  and  in  three  distinct  genera  of  aetiocetids(Salishicetus,ChonecetusandFucaia),  we  consider  it  the  most  likely  ancestral  condition",Peredo & Pyenson 2018 Royal Society open science,,,"used the stem mysticete body size equation for bizygomatic width from Pyenson & Sponberg to estimated body length, belongs to Aetiocetidae family",GH,
Mammal,Cetacea,Cetacea,Semirostrum,genus,Cenozoic,Neogene,Miocene,Upper Miocene,Neogene,Pliocene,Pliocene,Whitmore & Barnes 2008 Virginia Museum of Natural History Special Publication; Racicot et al. 2014 Current Biology,3.00,TL,Pimiento et al. 2017 Nature Ecology & Evolution,North America,Macropredator,Benthopelagic,Coastal/Oceanic,"mesopredator, benthopelagic, coastal/oceanic",Pimiento et al. 2017 Nature Ecology & Evolution,pliocene extinction,Pimiento et al. 2017 Nature Ecology & Evolution,"Semirostrum ceruttii, from the marine Pliocene San Diego (4.2–1.6 mega-annum, Ma) and Purisima (5–2.5 Ma) formations of California",MG,
Mammal,Cetacea,Cetacea,Septemtriocetus,genus,Cenozoic,Neogene,Pliocene,Pliocene,Neogene,Pliocene,Pliocene,"Lambert 2007 Meeting of the European Association of Vertebrate Palaeontologists, Abstract Volume",3.00,TL,Pimiento et al. 2017 Nature Ecology & Evolution,Europe,Macropredator,Benthopelagic,Coastal/Oceanic,"mesopredator, benthopelagic, coastal/oceanic",Pimiento et al. 2017 Nature Ecology & Evolution,pliocene extinction,Pimiento et al. 2017 Nature Ecology & Evolution,,MG,
Mammal,Cetacea,Cetacea,Septidelphis,genus,Cenozoic,Neogene,Pliocene,Pliocene,Neogene,Pliocene,Pliocene,Mori 1980 Rivista Piemontesa di Storia Naturale 1,3.00,TL,Pimiento et al. 2017,Europe,Macropredator,Benthopelagic,Coastal,mesopredator,Pimiento et al. 2017,pliocene extinction,Pimiento et al. 2017 Nature Ecology & Evolution,Mori 1980 only in Italian,SK,
Mammal,Cetacea,Cetacea,Simocetus,genus,Cenozoic,Paleogene,Oligocene,Rupelian,Paleogene,Oligocene,Rupelian,Fordyce 2002 Smithsonian Contributions to Paleobiology,2.41,TL,Pyenson & Sponberg 2011 Journal of Mammal Evolution,North America,Macropredator,Benthic,,a bottom feeder that preyed through suction feeding on soft-bodied invertebrates,"RE Fordyce - Smithsonian Contributions to Paleobiology, 2002 - repository.si.edu",,,"species Simocetus rayi, PLS multivariate regression equations, max. predicted length 4.45m",MG,
Mammal,Cetacea,Cetacea,Squalodon,genus,Cenozoic,Paleogene,Oligocene,Chattian,Neogene,Miocene,Upper Miocene,Okazaki 1988 Bulletin of the Kitakyusu Museum of Natural History; Carone & Domning 2007 Bollettino della Societa Paleontologica Italiana,2.70,TL,Pyenson & Sponberg 2011 Journal of Mammal Evolution,North America; Europe; Asia; South America,Macropredator,,,macrophagous predator,Boessenecker 2020 Current Biology,,,"species Squalodon bellunensis, PLS multivariate regression equations, max. predicted length 4.29m",MG,
Mammal,Carnivora,Carnivora,Thalassocnus ,genus,Cenozoic,Neogene,Miocene,Upper Miocene,Neogene,Pliocene,Pliocene,"C. Muizon and T. J. DeVries. 1985. Geology and paleontology of late Cenozoic marine deposits in the Sacaco area (Peru). Geologische Rundschau 74(3):547-563 ; S. De Los Arcos, D. Partarrieu, J. Carrillo-Briceño and E. Amson. 2017. The Southernmost Occurrence of the Aquatic Sloth Thalassocnus (Mammalia, Tardigrada) in Two New Pliocene Localities in Chile. Ameghiniana 54(4):351-369",3.30,TL,E.Amson et al. 2015 J Mammal Evol,South America,Multi,Benthopelagic,Coastal,omnivore,E.Amson et al. 2015 J Mammal Evol,pliocene extinction,Pimiento et al. 2017 Nature Ecology & Evolution,"Folivora, 3,3m based on T. yaucensis ( femur size as estimate), T. littoralis 2,1m ,  T.natan 2,5m ; early species partial grazers and later species specialized grazers",CS,
Mammal,Carnivora,Carnivora,Thalassoleon mexicanus,species,Cenozoic,Neogene,Miocene,Upper Miocene,Neogene,Pliocene,Pliocene,"L. G. Barnes. 1984. Fossil odontocetes (Mammalia: Cetacea) from the Almejas Formation, Isla Cedros, Mexico. PaleoBios 42:1-46 ; T. A. Deméré and A. Berta. 2005. New skeletal material of Thalassoleon (Otariidae: Pinnipedia) from the late Miocene-early Pliocene (Hemphillian) of California. Bulletin of the Florida Museum of Natural History 45(4):379-411",2.50,ML,M.Churchill et al. 2014 Evolution,North America; Asia,Macropredator,Benthopelagic,Coastal,mesopredator/benthopelagic,Pimiento et al. 2017 Nature Ecology & Evolution,pliocene extinction,Pimiento et al. 2017 Nature Ecology & Evolution,"Otariidae, Zanclean: 2,2m ML (mean length) , Messinian: 2,5m ML, Tortonian: 2,m3 ML  ,,, (295-318 kg but no total lenght, C.A.Repenning & R.H Tedford 1977)",CS,
Mammal,Cetacea,Cetacea,Tusciziphius,genus,Cenozoic,Neogene,Miocene,Lower Miocene,Neogene,Pliocene,Pliocene,Bianucci et al. 2013 Geodiversitas; Bianucci et al. 2016 PeerJ,6.00,TL,Pimiento et al. 2017 Nature Ecology & Evolution,North America; Europe,Macropredator,Pelagic,Oceanic,"mesopredator, pelagic, oceanic",Pimiento et al. 2017 Nature Ecology & Evolution,pliocene extinction,Pimiento et al. 2017 Nature Ecology & Evolution,"6.1–4.4 Ma Tusciziphius atlanticus, 4.12–3.84 Tusciziphius crispus",MG,
Mammal,Carnivora,Carnivora,Valenictus chulavistensis,species,Cenozoic,Neogene,Pliocene,Pliocene,Neogene,Pliocene,Pliocene,"T. A. Deméré. 1994. Two new species of fossil walruses (Pinnipedia: Odobenidae) from the Upper Pliocene San Diego Formation, California. Proceedings of the San Diego Society of Natural History 29:77-98 ; M.Churchill et al. 2014 Evolution",2.10,TL,Velez-Juarbé et al. 2018 Royal Society,North America,Macropredator,Benthic,Coastal,benthic ,"T. A. Deméré, 1994 - Two new species of fossil walruses (Pinnipedia: Odobenidae) from the Upper Pliocene San Diego Formation, California - Proceedings of the San Diego Society of Natural History (29), 77-98 (book/book chapter, English)",pliocene extinction,Pimiento et al. 2017 Nature Ecology & Evolution,"Odobenidae, tusked walrus",CS,
Mammal,Cetacea,Cetacea,Waharoa ruwhenua,species,Cenozoic,Paleogene,Oligocene,Chattian,Paleogene,Oligocene,Chattian,Boessenecker & Fordyce 2015 PeerJ,6.00,TL,Boessenecker & Fordyce 2015 PeerJ,Australia,Micropredator,,,"one of the earliest functionally edentulous mysticetes (members of Eomysticetidae);  rudimentary type of skim feeding reminiscent of extant right whales, absence of a functional adult dentition and the presence of baleen (interpreted from lateral nutrient foramina) and both rostral and mandibular kinesis indicate that eomysticetids were the earliest mysticetes capable of baleen-assisted bulk filter feeding.",Berta et al. 2016 Integrative and Comparative Biology,,,,GH,
Mammal,Cetacea,Cetacea,Waipatia,genus,Cenozoic,Paleogene,Oligocene,Rupelian,Paleogene,Oligocene,Rupelian,Boessenecker & Boessenecker 2019 Geological Society of America Field Guide,2.57,TL,Pyenson & Sponberg 2011 Journal of Mammal Evolution,North America; Australia,,,,,,,,"species Waipatia maerewhenua, PLS multivariate regression equations, max. predicted length 4.09m",MG,
Mammal,Cetacea,Cetacea,Xiphiacetus bossi,species,Cenozoic,Neogene,Miocene,Lower Miocene,Neogene,Miocene,Middle Miocene,Louwye et al. 2010 Geologica Belgica 13(3); Weems et al. 2017 The Geological Society of America Field Guide 47,3.50,TL,Montgomery et al. 2013 Evolution 67,North America; Europe,,,,,,,,,SK,
Mammal,Cetacea,Cetacea,Zarhinocetus,genus,Cenozoic,Neogene,Miocene,Lower Miocene,Neogene,Miocene,Middle Miocene,Kimura Barnes 2016 Bulletin of the Gunma Museum of Natural History; Mitchell 1966 University of California Publications in Geological Sciences,2.66,TL,Pyenson & Sponberg 2011 Journal of Mammal Evolution,North America,,,,,,,,"species Zarhinocetus errabundus, PLS multivariate regression equations, max. predicted length 4.24m",MG,
Mammal,Cetacea,Cetacea,Siphonocetus,genus,Cenozoic,Neogene,Miocene,Lower Miocene,Neogene,Pliocene,Pliocene,Fossilworks,9.00,TL,Pimiento et al. 2017,,Micropredator,Pelagic,Coastal/Oceanic,,,,,extinct; estimated based on formula for Mysticete mandible of Pyenson et al 2013 supplementary,,