Group,Clade,Class,Order,Taxa,Taxonomic_rank,Era,Early_Period,Early_Epoch,Early_Stage,Late_Period,Late_Epoch,Late_Stage,Age_ref,Max_size_m,Size_type,Size_ref,Distribution,Guild,Vertical,Habitat,Ecology_notes,Ecology_ref,Extinction,Extinction_ref,Notes,Enterer,Age_check
Reptile,Squamata,Reptilia,Squamata,Aigialosaurus dalmaticus,species,Mesozoic,Cretaceous,Upper Cretaceous,Cenomanian,Cretaceous,Upper Cretaceous,Cenomanian,"A. R. Dutchak and M. W. Caldwell. 2006. Redescription of Aigialosaurus dalmaticus Kramberger, 1892, a Cenomanian mosasauroid lizard from Hvar Island, Croatia. Canadian Journal of Earth Sciences 43:1821-1834",1.00,TL,Polcyn et al. 2014,Croatia,Macropredator,Pelagic,Oceanic,,"A. M. Bush and R. K. Bambach. 2015. Sustained Mesozoic-Cenozoic diversification of marine Metazoa: a consistent signal from the fossil record. GSA Data Repository 2015330; M. J. Benton. 1983. Dinosaur success in the Triassic: a noncompetitive ecological model. Quarterly Review of Biology 58(1):29-55; O. C. Marsh. 1875. On the Odontornithes, or birds with teeth. American Journal of Science 10:403-409",,,"based on jaw length, or indirect estimates of jaw length using other preserved portions of the skull and portions of the vertebral column were compared with other specimens of similar sizebelonging to the same subfamily or clade and measurements were approximated.",NS,
Reptile,Squamata,Reptilia,Squamata,Angolasaurus bocagei,species,Mesozoic,Cretaceous,Upper Cretaceous,Coniacian,Cretaceous,Upper Cretaceous,Coniacian,M. T. Antunes. 1964. O Neocretácico e o Cenozoico do litoral de Angola. Junta de Investigações do Ultramar 1-254,5.00,TL,Polcyn et al. 2014,Bengo Angola,Macropredator,Pelagic,Coastal,carnivore,"R. L. Carroll. 1988. Vertebrate Paleontology and Evolution 1-698; A. Hendy, M. Aberhan, J. Alroy, M. Clapham, W. Kiessling, A. Lin, and M. LaFlamme. 2009. Unpublished ecological data in support of GSA 2009 abstract: A 600 million year record of ecological diversification.; P. Gervais. 1852. Zoologie et Paléontologie Françaises (Animaux Vertébrés) ou Nouvelles Recherches sur les Animaux Vivants et Fossiles de la France [French Zoology and Paleontology (Vertebrate Animals) or New Research on the Living and Fossil Animals of France] 1–3:1-274+",,,"based on jaw length, or indirect estimates of jaw length using other preserved portions of the skull",NS,
Bird,Sphenisciformes,Aves,Sphenisciformes,Anthropodyptes gilli,species,Cenozoic,Paleogene,Miocene,Lower Miocene,Paleogene,Miocene,Lower Miocene,G. G. Simpson. 1959. A new fossil penguin from Australia. Proceedings of the Royal Society of Victoria 71(2):113-119,1.58,TL,Ksepka et al. 2010,Australia,Macropredator,Pelagic,Coastal,"carnivore / Enviroment: Marine, Life Habitat: Ground Dwelling","A. M. Bush and R. K. Bambach. 2015. Sustained Mesozoic-Cenozoic diversification of marine Metazoa: a consistent signal from the fossil record. GSA Data Repository 2015330; M. J. Benton. 1983. Dinosaur success in the Triassic: a noncompetitive ecological model. Quarterly Review of Biology 58(1):29-55; O. C. Marsh. 1875. On the Odontornithes, or birds with teeth. American Journal of Science 10:403-409",,,length was measured from the head to the distal edge of the ulnar condyle,TB,
Bird,Sphenisciformes,Aves,Sphenisciformes,Anthropornis,genus,Cenozoic,Paleogene,Eocene,Ypresian,Paleogene,Oligocene,Chattian,"M. S. Bargo and M. A. Reguero. 1998. Annotated catalogue of the fossil vertebrates from Antarctica housed in the Museo de la Plata, Argentina. I. Birds and Land Mammals from La Meseta Formation (Eocene - Early Oligocene). Associacion Paleontologica Argentina, Publicacion Especial 5:211-221, B. J. Marples. 1953. Fossil penguins form the mid-Tertiary of Seymour Island. Falkland Islands Dependence Survey Scientific Reports 5:1-15",2.05,BL,Jadwiszczak 2001,Antarctica,Macropredator,Pelagic,Coastal,"carnivore / Enviroment: Marine, Life Habitat: Ground Dwelling","A. M. Bush and R. K. Bambach. 2015. Sustained Mesozoic-Cenozoic diversification of marine Metazoa: a consistent signal from the fossil record. GSA Data Repository 2015330; M. J. Benton. 1983. Dinosaur success in the Triassic: a noncompetitive ecological model. Quarterly Review of Biology 58(1):29-55; O. C. Marsh. 1875. On the Odontornithes, or birds with teeth. American Journal of Science 10:403-408",,,Values for the bodylength were calculated by a regression method of the Model I in the paper Jadwiszczak 2001,TB,
Bird,Sphenisciformes,Aves ,Sphenisciformes,Anthropornis nordenskjoeldi,species,Cenozoic,Paleogene,Eocene,Lutetian,Paleogene,Eocene,Priabonian,"M. S. Bargo and M. A. Reguero. 1998. Annotated catalogue of the fossil vertebrates from Antarctica housed in the Museo de la Plata, Argentina. I. Birds and Land Mammals from La Meseta Formation (Eocene - Early Oligocene). Associacion Paleontologica Argentina, Publicacion Especial 5:211-221, M. S. Bargo and M. A. Reguero. 1998. Annotated catalogue of the fossil vertebrates from Antarctica housed in the Museo de la Plata, Argentina. I. Birds and Land Mammals from La Meseta Formation (Eocene - Early Oligocene). Associacion Paleontologica Argentina, Publicacion Especial 5:211-221",2.02,BL,Jadwiszczak 2001,Antarctica,Macropredator,Pelagic,Coastal,"carnivore / Enviroment: Marine, Life Habitat: Ground Dwelling","A. M. Bush and R. K. Bambach. 2015. Sustained Mesozoic-Cenozoic diversification of marine Metazoa: a consistent signal from the fossil record. GSA Data Repository 2015330; M. J. Benton. 1983. Dinosaur success in the Triassic: a noncompetitive ecological model. Quarterly Review of Biology 58(1):29-55; O. C. Marsh. 1875. On the Odontornithes, or birds with teeth. American Journal of Science 10:403-411",,,,TB,
Bird,Sphenisciformes,Aves ,Sphenisciformes,Archaeospheniscus wimani,species,Cenozoic,Paleogene,Eocene,Ypresian,Paleogene,Eocene,Priabonian,"M. S. Bargo and M. A. Reguero. 1998. Annotated catalogue of the fossil vertebrates from Antarctica housed in the Museo de la Plata, Argentina. I. Birds and Land Mammals from La Meseta Formation (Eocene - Early Oligocene). Associacion Paleontologica Argentina, Publicacion Especial 5:211-221, P. Jadwiszczak. 2008. An intriguing penguin bone from the Late Eocene of Seymour Island, Antarctic Peninsula. Antarctic Science 20(6):589-590",1.08,BL,Jadwiszczak 2001,Antarctica,Macropredator,Pelagic,Coastal,"carnivore / Enviroment: Marine, Life Habitat: Ground Dwelling","A. M. Bush and R. K. Bambach. 2015. Sustained Mesozoic-Cenozoic diversification of marine Metazoa: a consistent signal from the fossil record. GSA Data Repository 2015330; M. J. Benton. 1983. Dinosaur success in the Triassic: a noncompetitive ecological model. Quarterly Review of Biology 58(1):29-55; O. C. Marsh. 1875. On the Odontornithes, or birds with teeth. American Journal of Science 10:403-421",,,,TB,
Reptile,Testudines,Reptilia,Testudines,Archelon ischyros,species,Mesozoic,Cretaceous,Upper Cretaceous,Campanian,Cretaceous,Upper Cretaceous,Maastrichtian,Wieland 1896,3.50,TL,Wieland 1896,South Dakota USA,Macropredator,Benthic,Coastal,omnivore / Family Protostegidae eats shellfish,"A. Hendy, M. Aberhan, J. Alroy, M. Clapham, W. Kiessling, A. Lin, and M. LaFlamme. 2009. Unpublished ecological data in support of GSA 2009 abstract: A 600 million year record of ecological diversification.; A. M. Bush and R. K. Bambach. 2015. Sustained Mesozoic-Cenozoic diversification of marine Metazoa: a consistent signal from the fossil record. GSA Data Repository 2015330; P. Uetz. 2005. Order Testudines - turtles. The European Molecular Biology Laboratory Reptile Database; R. L. Carroll. 1988. Vertebrate Paleontology and Evolution 1-698",,,11 feet,NS,
Reptile,Plesiosauria,Reptilia,Plesiosauria,Aristonectes,genus,Mesozoic,Cretaceous,Upper Cretaceous,Campanian,Cretaceous,Upper Cretaceous,Maastrichtian,O'Gorman et al. 2013,11.86,BL,O'Gorman et al. 2019,Rio Negro Argentina; Seymour Island Antarctica; Puerto Natales Chile,Macropredator,Pelagic,Oceanic,"carnivore/ Environment: marine, Life habit: aquatic, Depth habitat: surface",W. Kiessling. 2004. Ecology opinions.,,,body length is estimated between 10.232 m * 2615 mm/2436.2 mm = 10.98 m and 10.232 m * 2825 mm/2436.2 mm = 11.86 m; diving depth surface,TB,
Reptile,Thalattosauria,Reptilia,Thalattosauria,Askeptosaurus italicus,species,Mesozoic,Triassic,Middle Triassic,Anisian,Triassic,Middle Triassic,Ladinian,"O. Rieppel. 1998. The status of the sauropterygian reptile genera Ceresiosaurus, Lariosaurus, and Silvestrosaurus from the Middle Triassic of Europe. Fieldiana: Geology, new series 38:1-46",2.50,TL,"Rieppel, 2019, Mesozoic Sea Dragons, Indiana University Press, Thalattosaurs, p.156-157","Besano Italy, Monte San Giorgio Switzerland",,,,Environment: marine,,,,Estimated from whole skeleton 1.8m,NS,
Reptile,Ichthyosauria,Reptilia,Ichthyosauria,Besanosaurus leptorhynchus,species,Mesozoic,Cretaceous,Middle Triassic,Anisian,Triassic,Middle Triassic,Ladinian,"Rieppel, 2019, Mesozoic Sea Dragons, Indiana University Press, Ichthyosaurs, p.98-106; P. M. Sander. 1988. A fossil reptile embryo from the Middle Triassic of the Alps. Science 329:780-782",5.50,TL,"Rieppel, 2019, Mesozoic Sea Dragons, Indiana University Press, Ichthyosaurs, p.98-106",Besano Italy; Switzerland,Macropredator,Pelagic,Coastal,carnivore / Vertical and Habitat based on Family Besanosaurus,W. Kiessling. 2004. Ecology opinions.,,,"female, whole skeleton",NS,
Reptile,Squamata,Reptilia,Squamata,Carinodens belgicus,species,Mesozoic,Cretaceous,Upper Cretaceous,Maastrichtian,Cretaceous,Upper Cretaceous,Maastrichtian,W. J. Kennedy. 1993. Campanian and Maastrichtian ammonites from the Mons Basin and adajcent areas (Belgium). Bulletin de L'Institute Royal des Sciences Naturelles de Belgique 63:99-131,2.50,TL,Polcyn et al. 2014,Belgium,Macropredator,Benthic,Coastal,"carnivore / Environment: terrestrial, Life habit: aquatic","Schulp, Anne S.; Jagt, John W. M.; Fonken, Frans (2004-09-10). ""New material of the mosasaur Carinodens belgicus from the Upper Cretaceous of the Netherlands"". Journal of Vertebrate Paleontology. 24 (3): 744–747. doi:10.1671/0272-4634(2004)024[0744:NMOTMC]2.0.CO;2",,,"based on jaw length, or indirect estimates of jaw length using other preserved portions of the skull",NS,
Reptile,Squamata,Reptilia,Squamata,Carinodens minalmamar,species,Mesozoic,Cretaceous,Upper Cretaceous,Maastrichtian,Cretaceous,Upper Cretaceous,Maastrichtian,"J. Milàn, J. W. M. Jagt, J. Lindgren and A. S. Schulp. 2018. First record of Carinodens (Squamata, Mosasauridae) from the uppermost Maastrichtian of Stevns Klint, Denmark. Alcheringa 42(4):597-602; H. Cappetta, N. Bardet, X. Pereda Suberbiola, S. Adnet, D. Akkrim, M. Amalik, and A. Benabdallah. 2014. Marine vertebrate faunas from the Maastrichtian phosphates of Benguérir (Ganntour Basin, Morocco): Biostratigraphy, palaeobiogeography and palaeoecology. Palaeogeography, Palaeoclimatology, Palaeoecology 409:217-238",3.00,TL,Polcyn et al. 2014,Denmark; Morocco,Macropredator,Benthic,Oceanic,"carnivore / Environment: terrestrial, Life habit: aquatic","Jesper Milàn, John W.M. Jagt, Johan Lindgren & Anne S. Schulp (2018) First record of Carinodens (Squamata, Mosasauridae) from the uppermost Maastrichtian of Stevns Klint, Denmark, Alcheringa: An Australasian Journal of Palaeontology, 42:4, 597-602, DOI: 10.1080/03115518.2017.1391878",,,"based on jaw length, or indirect estimates of jaw length using other preserved portions of the skull",NS,
Reptile,Squamata,Reptilia,Squamata,Carsosaurus marchesetti,species,Mesozoic,Cretaceous,Upper Cretaceous,Cenomanian,Cretaceous,Upper Cretaceous,Cenomanian,"M. W. Caldwell, R. L. Carroll, and H. Kaiser. 1995. The pectoral girdle and forelimb of Carsosaurus marchesetti (Aigialosauridae), with a preliminary phylogenetic analysis of mosasauroids and varanoids. Journal of Vertebrate Paleontology 15(3):516-531",2.00,TL,Polcyn et al. 2014,Slovenia,Macropredator,Pelagic,Coastal,Vertical and Habitat based on Family Aigialosauridae,"Kornhuber, A. (1893). Carsosaurus Marchesettii, a new fossil lacertilian from the Cretaceous formation of Karst near Komen, Dutchak, A. (2005). A review of the taxonomy and systematics of aigialosaurs. Netherlands Journal of Geosciences, 84(3), 221-229. doi:10.1017/S0016774600021004",,,portions of the vertebral column were compared with other specimens of similar sizebelonging to the same subfamily or clade and measurements were approximated.,NS,
Reptile,Nothosauroidea,Reptilia,Nothosauroidea,Ceresiosaurus calcagnii,species,Mesozoic,Triassic,Middle Triassic,Ladinian,Triassic,Middle Triassic,Ladinian,"O. Rieppel. 1998. The status of the sauropterygian reptile genera Ceresiosaurus, Lariosaurus, and Silvestrosaurus from the Middle Triassic of Europe. Fieldiana: Geology, new series 38:1-46; L. Via, J. F. Villalta, and M. Esteban Cerda. 1977. Paleontologia y paleoecolgia de los yacimientos fosiliferos del Muschelkalk superior entre Alcover y Mont-Ral (Montañas de Prades, Provincia de Tarragona). Cuadernos Geología Ibérica 4:247-256",2.30,TL,"Rieppel, 2019, Mesozoic Sea Dragons, Indiana University Press, Lariosaurs and Nothosaurs, p.143","Tarragona Spain, Alla Cascina Switzerland",Macropredator,Pelagic,Coastal,Vertical and Habitat based on Family Nothosauridae,"Strauss, Bob. ""Nothosaurus."" ThoughtCo, Aug. 25, 2020, thoughtco.com/nothosaurus-1091514.",,,,NS,
Reptile,Nothosauroidea,Reptilia,Nothosauroidea,Ceresiosaurus lanzi,species,Mesozoic,Cretaceous,Middle Triassic,Ladinian,Triassic,Middle Triassic,Ladinian,"E. Kuhn-Schnyder. 1962. Ein weiterer Schädel von Macrocnemus bassanii Nopcsa aus der anisischen Stufe der Trias des Monte San Giorgio (Kt. Tessin, Schweiz). Palaeontologische Zeitschrift 36:110-133",1.72,TL,"Rieppel, 2019, Mesozoic Sea Dragons, Indiana University Press, Lariosaurs and Nothosaurs, p.142",Alla Cascina Switzerland,Macropredator,Pelagic,Coastal,Vertical and Habitat based on Family Nothosauridae,"Strauss, Bob. ""Nothosaurus."" ThoughtCo, Aug. 25, 2020, thoughtco.com/nothosaurus-1091514.",,,,NS,
Reptile,Thalattosauria,Reptilia,Thalattosauria,Clarazia schinzi,species,Mesozoic,Cretaceous,Middle Triassic,Anisian,Triassic,Middle Triassic,Ladinian,"O. Rieppel. 1987. Clarazia and Hescheleria: A re-investigation of two problematic reptiles from the Middle Triassic of Monte San Giorgio (Switzerland). Palaeontographica, Abt. A, Palaeozoologie-Stratigraphie 195(4-6):101-129",1.00,TL,,Val Porina Switzerland,Macropredator,Pelagic,Coastal,Vertical and Habitat based on Family Thalattosauroidea,"Muller, Johannes (2005). ""The Anatomy of Askeptosaurus italicus from the Middle Triassic of Monte San Giorgio and the Interrelationships of Thalattosaurs (Reptilia, Diapsida)"". Canadian Journal of Earth Sciences. 42 (7): 1347–1367. Bibcode:2005CaJES..42.1347M. doi:10.1139/e05-030, Lawrence H. Tanner (2018). The Late Triassic World: Earth in a Time of Transition. Springer Nature. p. 291. ISBN 978-3-319-68008-8",,,From tip to tail: 90cm,NS,
Reptile,Squamata,Reptilia,Squamata,Clidastes liodontus,species,Mesozoic,Cretaceous,Upper Cretaceous,Santonian,Cretaceous,Upper Cretaceous,Santonian,Polcyn et al. 2014,4.00,TL,Polcyn et al. 2014,Colorado USA; South Carolina USA; Germany; Texas USA; France,Macropredator,Pelagic,Coastal,"carnivore / Environment: terrestria, Life habit: aquatic","R. L. Carroll. 1988. Vertebrate Paleontology and Evolution 1-698; A. Hendy, M. Aberhan, J. Alroy, M. Clapham, W. Kiessling, A. Lin, and M. LaFlamme. 2009. Unpublished ecological data in support of GSA 2009 abstract: A 600 million year record of ecological diversification.; P. Gervais. 1852. Zoologie et Paléontologie Françaises (Animaux Vertébrés) ou Nouvelles Recherches sur les Animaux Vivants et Fossiles de la France [French Zoology and Paleontology (Vertebrate Animals) or New Research on the Living and Fossil Animals of France] 1–3:1-274+",,,,NS,
Reptile,Squamata,Reptilia,Squamata,Clidastes moorevillensis,species,Mesozoic,Cretaceous,Upper Cretaceous,Santonian,Cretaceous,Upper Cretaceous,Campanian,"G. L. Bell. 1997. A phylogenetic revision of North American and Adriatic Mosasauroidea. In J. M. Callaway, E. L. Nicholls (eds.), Ancient marine reptiles 293-332",4.00,TL,Polcyn et al. 2014,Alabama USA,Macropredator,Pelagic,Coastal,carnivore,"R. L. Carroll. 1988. Vertebrate Paleontology and Evolution 1-698; A. Hendy, M. Aberhan, J. Alroy, M. Clapham, W. Kiessling, A. Lin, and M. LaFlamme. 2009. Unpublished ecological data in support of GSA 2009 abstract: A 600 million year record of ecological diversification.; P. Gervais. 1852. Zoologie et Paléontologie Françaises (Animaux Vertébrés) ou Nouvelles Recherches sur les Animaux Vivants et Fossiles de la France [French Zoology and Paleontology (Vertebrate Animals) or New Research on the Living and Fossil Animals of France] 1–3:1-274+",,,"based on jaw length, or indirect estimates of jaw length using other preserved portions of the skull",NS,
Reptile,Squamata,Reptilia,Squamata,Clidastes propython,species,Mesozoic,Cretaceous,Upper Cretaceous,Coniacian,Cretaceous,Upper Cretaceous,Maastrichtian," M. J. Everhart. 2005. Tylosaurus kansasensis, a new species of tylosaurine (Squamata, Mosasauridae) from the Niobrara Chalk of western Kansas, USA. Netherlands Journal of Geosciences — Geologie en Mijnbouw 84(3):231-240; E. D. Cope. 1869. On the reptilian orders Pythonomorpha and Streptosauria. Proceedings of the Boston Society of Natural History 12:250-266",5.00,TL,Polcyn et al. 2014,South Dakota USA; Kansas USA; Alabama USA; Götatal Sweden; Skane Sweden,Macropredator,Pelagic,Coastal,carnivore,"R. L. Carroll. 1988. Vertebrate Paleontology and Evolution 1-698; A. Hendy, M. Aberhan, J. Alroy, M. Clapham, W. Kiessling, A. Lin, and M. LaFlamme. 2009. Unpublished ecological data in support of GSA 2009 abstract: A 600 million year record of ecological diversification.; P. Gervais. 1852. Zoologie et Paléontologie Françaises (Animaux Vertébrés) ou Nouvelles Recherches sur les Animaux Vivants et Fossiles de la France [French Zoology and Paleontology (Vertebrate Animals) or New Research on the Living and Fossil Animals of France] 1–3:1-274+",,,"based on jaw length, or indirect estimates of jaw length using other preserved portions of the skull",NS,
Bird,Sphenisciformes,Aves,Sphenisciformes,Crossvallia unienwillia,species,Cenozoic,Paleogene,Paleocene,Selandian-Thanetian,Paleogene,Paleocene,Selandian-Thanetian,"C. P. Tambussi, M. A. Reguero, S. A. Marenssi and S. N. Santillana. 2005. Crossvallia unienwillia, a new Spheniscidae (Sphenisciformes, Aves) from the Late Paleocene of Antarctica. Geobios 38(5):667-675",1.43,TS,Tambussi et al. 2005,Antarctica,Macropredator,Pelagic,Coastal,carnivore,"A. M. Bush and R. K. Bambach. 2015. Sustained Mesozoic-Cenozoic diversification of marine Metazoa: a consistent signal from the fossil record. GSA Data Repository 2015330; M. J. Benton. 1983. Dinosaur success in the Triassic: a noncompetitive ecological model. Quarterly Review of Biology 58(1):29-55; O. C. Marsh. 1875. On the Odontornithes, or birds with teeth. American Journal of Science 10:403-410",,,According to Simpson’s suggestion the total size of the penguin is estimated to have been between 127.5 and 142.5 cm,TB,
Reptile,Placodontia,Reptilia,Placodontia,Cyamodus hildegradis,species,Mesozoic,Triassic,Middle Triassic,Anisian,Triassic,Middle Triassic,Ladinian,"O. Rieppel. 1989. A New Pachypleurosaur (Reptilia: Sauropterygia) from the Middle Triassic of Monte San Giorgio, Switzerland. Philosophical Transactions of the Royal Society of London, Series B, Biological Sciences 323(1212):1-73 ; E. Kuhn-Schnyder. 1962. Ein weiterer Schädel von Macrocnemus bassanii Nopcsa aus der anisischen Stufe der Trias des Monte San Giorgio (Kt. Tessin, Schweiz). Palaeontologische Zeitschrift 36:110-133",1.30,TL,"Rieppel, 2019, Mesozoic Sea Dragons, Indiana University Press, Helveticosaurus, Eusaurosphargis and the Placodonts, p.118","Besano Italy, Val Porina Switzerland",Macropredator,Pelagic,Coastal,duraphagous,"Torsten M. Scheyer, James M. Neenan, Silvio Renesto, Franco Saller, Hans Hagdorn, Heinz Furrer, Olivier Rieppel & Andrea Tintori (2012) Revised paleoecology of placodonts – with a comment on ‘The shallow marine placodont Cyamodus of the central European Germanic Basin: its evolution, paleobiogeography and paleoecology’ by C.G. Diedrich (Historical Biology, iFirst article, 2011, 1–19, doi: 10.1080/08912963.2011.575938), Titel anhand dieser DOI in Citavi-Projekt übernehmen Historical Biology, 24:3, 257-267, DOI: 10.1080/08912963.2011.621083 Titel anhand dieser DOI in Citavi-Projekt übernehmen",,,Entire skeleton,NS,
Reptile,Ichthyosauria,Reptilia,Ichthyosauria,Cymbospondylus buchseri,species,Mesozoic,Triassic,Middle Triassic,Anisian,Triassic,Middle Triassic,Anisian,"Rieppel, 2019, Mesozoic Sea Dragons, Indiana University Press, Ichthyosaurs, p.98-104",5.50,TL,"Rieppel, 2019, Mesozoic Sea Dragons, Indiana University Press, Ichthyosaurs, p.98-104",Monte San Giorgio Switzerland,Macropredator,Pelagic,Oceanic,Based on the Genus Cymbospondylus,W. Kiessling. 2004. Ecology opinions.,,,Estimated from half of the skeleton,NS,
Reptile,Ichthyosauria,Reptilia,Ichthyosauria,Cymbospondylus piscosus,species,Mesozoic,Triassic,Middle Triassic,Anisian,Triassic,Middle Triassic,Anisian,"Rieppel, 2019, Mesozoic Sea Dragons, Indiana University Press, Ichthyosaurs, p.98-101; J. Leidy. 1868. Notice of some reptilian remains from Nevada. Proceedings of the Academy of Natural Sciences of Philadelphia 109:177-178",9.10,TL,"Rieppel, 2019, Mesozoic Sea Dragons, Indiana University Press, Ichthyosaurs, p.98-101",Nevada,Macropredator,Pelagic,Oceanic,Based on the Genus Cymbospondylus,W. Kiessling. 2004. Ecology opinions.,,,Age given as: Illyrian in J. Leidy. 1868. Notice of some reptilian remains from Nevada. Proceedings of the Academy of Natural Sciences of Philadelphia 109:177-178,NS,
Reptile,Ichthyosauria,Reptilia,Ichthyosauria,Cymbospondylus youngorum,species,Mesozoic,Triassic,Middle Triassic,Anisian,Triassic,Middle Triassic,Anisian,Sander 2021,18.00,TL,Sander 2021,Nevada,Macropredator,Pelagic,Oceanic,Based on the Genus Cymbospondylus,,,,,NS,
Reptile,Squamata,Reptilia,Squamata,Dallasaurus turneri,species,Mesozoic,Triassic,Upper Cretaceous,Turonian,Cretaceous,Upper Cretaceous,Turonian,"G. L. Bell and M. J. Polcyn. 2005. Dallasaurus turneri, a new primitive mosasauroid from the Middle Turonian of Texas and comments on the phylogeny of Mosasauridae (Squamata). Netherlands Journal of Geosciences 84(3):177-194",1.00,TL,Polcyn et al. 2014,Texas USA,Macropredator,Pelagic,Coastal,carnivore,"R. L. Carroll. 1988. Vertebrate Paleontology and Evolution 1-698; A. Hendy, M. Aberhan, J. Alroy, M. Clapham, W. Kiessling, A. Lin, and M. LaFlamme. 2009. Unpublished ecological data in support of GSA 2009 abstract: A 600 million year record of ecological diversification.; P. Gervais. 1852. Zoologie et Paléontologie Françaises (Animaux Vertébrés) ou Nouvelles Recherches sur les Animaux Vivants et Fossiles de la France [French Zoology and Paleontology (Vertebrate Animals) or New Research on the Living and Fossil Animals of France] 1–3:1-274+",,,"portions of the vertebral column were compared with other specimens of similar sizebelonging to the same subfamily or clade and measurements were approximated.",NS,
Bird,Sphenisciformes,Aves ,Sphenisciformes,Delphinornis arctowskii,species,Cenozoic,Paleogene,Eocene,Priabonian,Paleogene,Eocene,Priabonian,"P. Jadwiszczak. 2008. An intriguing penguin bone from the Late Eocene of Seymour Island, Antarctic Peninsula. Antarctic Science 20(6):589-590",1.03,BL,Jadwiszczak 2001,Antarctica,Macropredator,Pelagic,Coastal,carnivore / Penguin,"A. M. Bush and R. K. Bambach. 2015. Sustained Mesozoic-Cenozoic diversification of marine Metazoa: a consistent signal from the fossil record. GSA Data Repository 2015330; M. J. Benton. 1983. Dinosaur success in the Triassic: a noncompetitive ecological model. Quarterly Review of Biology 58(1):29-55; O. C. Marsh. 1875. On the Odontornithes, or birds with teeth. American Journal of Science 10:403-423",,,,TB,
Bird,Sphenisciformes,Aves ,Sphenisciformes,Delphinornis larseni,species,Cenozoic,Paleogene,Eocene,Ypresian,Paleogene,Eocene,Priabonian,"J. D. Stilwell and W. J. Zinsmeister. 1992. Molluscan Systematics and Biostratigraphy. Antarctic Research Series, AGU 55, M. S. Bargo and M. A. Reguero. 1998. Annotated catalogue of the fossil vertebrates from Antarctica housed in the Museo de la Plata, Argentina. I. Birds and Land Mammals from La Meseta Formation (Eocene - Early Oligocene). Associacion Paleontologica Argentina, Publicacion Especial 5:211-221",1.20,BL,Jadwiszczak 2001,Antarctica,Macropredator,Pelagic,Coastal,carnivore / Penguin,"A. M. Bush and R. K. Bambach. 2015. Sustained Mesozoic-Cenozoic diversification of marine Metazoa: a consistent signal from the fossil record. GSA Data Repository 2015330; M. J. Benton. 1983. Dinosaur success in the Triassic: a noncompetitive ecological model. Quarterly Review of Biology 58(1):29-55; O. C. Marsh. 1875. On the Odontornithes, or birds with teeth. American Journal of Science 10:403-422",,,,TB,
Reptile,Squamata,Reptilia,Squamata,Ectenosaurus,genus,Mesozoic,Cretaceous,Upper Cretaceous,Coniacian,Cretaceous,Upper Cretaceous,Santonian,"M. J. Everhart. 2004. Late Cretaceous interaction between predators and prey. Evidence of feeding by two species of shark on a mosasaur. PalArch 1(1):1-7; G. L. Bell Jr., K. R. Barnes, and M. J. Polcyn. 2013. Late Cretaceous mosasauroids (Reptilia, Squamata) of the Big bend region in Texas, USA. Earth and Environmental Science Transactions of the Royal Society of Edinburgh 103:1-11",5.50,TL,Polcyn et al. 2014,Kansa USA; Texas USA,Macropredator,Pelagic,Coastal,carnivore,"R. L. Carroll. 1988. Vertebrate Paleontology and Evolution 1-698; A. Hendy, M. Aberhan, J. Alroy, M. Clapham, W. Kiessling, A. Lin, and M. LaFlamme. 2009. Unpublished ecological data in support of GSA 2009 abstract: A 600 million year record of ecological diversification.; P. Gervais. 1852. Zoologie et Paléontologie Françaises (Animaux Vertébrés) ou Nouvelles Recherches sur les Animaux Vivants et Fossiles de la France [French Zoology and Paleontology (Vertebrate Animals) or New Research on the Living and Fossil Animals of France] 1–3:1-274+",,,"based on jaw length, or indirect estimates of jaw length using other preserved portions of the skull",NS,
Reptile,Plesiosauria,Reptilia,Plesiosauria,Elasmosaurus platyurus,species,Mesozoic,Cretaceous,Upper Cretaceous,Campanian,Cretaceous,Upper Cretaceous,Campanian,"E. D. Cope. 1868. On a new large enaliosaur. The American Journal of Science, series 2 46(137):263-264",13.00,TL,Sachs et al. 2013,Kansas USA,Macropredator,Benthopelagic,Coastal/Oceanic,No clear consens. both should have been possible,W. Kiessling. 2004. Ecology opinions.,,,"Estimated from entire skeleton: 1.029m; predator–prey relationship between the large lamniform sharks (Cretoxyrhina mantelli) and elasmosaurids. Predation on live plesiosaurs and the scavenging of carcasses can be reasonably assumed from the observed behaviour of the similar sized, modern Great White shark (Carcharodon carcharias) (Everhart 2005)",NS,
Reptile,Squamata,Reptilia,Squamata,Eonatator coellensis,species,Mesozoic,Cretaceous,Upper Cretaceous,Coniacian,Cretaceous,Upper Cretaceous,Campanian,"Páramo, María. (2013). Eonatator coellensis nov. sp. (Squamata: Mosasauridae), nueva especie del cretácico superior de Colombia. Revista de la Academia Colombiana de Ciencias Exactas, Físicas y Naturales. 37. 499-518. 10.18257/raccefyn.31. ",2.80,TL,Polcyn et al. 2014,Colombia,Macropredator,Pelagic,Coastal,,,,,"based on jaw length, or indirect estimates of jaw length using other preserved portions of the skull",TB,
Reptile,Squamata,Reptilia,Squamata,Eonatator sternbergi,species,Mesozoic,Cretaceous,Upper Cretaceous,Coniacian,Cretaceous,Upper Cretaceous,Campanian,Polcyn et al. 2014,2.60,TL,Polcyn et al. 2014,Alabama USA; Sweden,Macropredator,Pelagic,Coastal,carnivore,"R. L. Carroll. 1988. Vertebrate Paleontology and Evolution 1-698; A. Hendy, M. Aberhan, J. Alroy, M. Clapham, W. Kiessling, A. Lin, and M. LaFlamme. 2009. Unpublished ecological data in support of GSA 2009 abstract: A 600 million year record of ecological diversification.; P. Gervais. 1852. Zoologie et Paléontologie Françaises (Animaux Vertébrés) ou Nouvelles Recherches sur les Animaux Vivants et Fossiles de la France [French Zoology and Paleontology (Vertebrate Animals) or New Research on the Living and Fossil Animals of France] 1–3:1-274+",,,,TB,
Reptile,Squamata,Reptilia,Squamata,Globidens alabamensis,species,Mesozoic,Cretaceous,Upper Cretaceous,Santonian,Cretaceous,Upper Cretaceous,Campanian,R. Zangerl. 1953. The vertebrate fauna of the Selma Formation of Alabama. Part IV. The turtles of the family Toxochelyidae. Fieldiana: Geology Memoirs 3(4):145-277; C. W. Gilmore. 1912. A new mosasauroid reptile from the Cretaceous of Alabama. Proceedings of the United States National Museum 41(1870):479-484,4.50,TL,Polcyn et al. 2014,Alabama USA; South Dakota USA; Delaware USA,Macropredator,Benthic,Coastal,carnivore durophagous /  Vertical and Habitat based on the Genus Globidens,"R. L. Carroll. 1988. Vertebrate Paleontology and Evolution 1-698; A. Hendy, M. Aberhan, J. Alroy, M. Clapham, W. Kiessling, A. Lin, and M. LaFlamme. 2009. Unpublished ecological data in support of GSA 2009 abstract: A 600 million year record of ecological diversification.; P. Gervais. 1852. Zoologie et Paléontologie Françaises (Animaux Vertébrés) ou Nouvelles Recherches sur les Animaux Vivants et Fossiles de la France [French Zoology and Paleontology (Vertebrate Animals) or New Research on the Living and Fossil Animals of France] 1–3:1-274+",,,"based on jaw length, or indirect estimates of jaw length using other preserved portions of the skull",NS,
Reptile,Squamata,Reptilia,Squamata,Globidens dakotensis,species,Mesozoic,Cretaceous,Upper Cretaceous,Campanian,Cretaceous,Upper Cretaceous,Campanian,Polcyn et al. 2014,5.00,TL,Polcyn et al. 2014,South Dakota USA; Belgium,Macropredator,Benthic,Coastal,carnivore durophagous /  Vertical and Habitat based on the Genus Globidens,"R. L. Carroll. 1988. Vertebrate Paleontology and Evolution 1-698; A. Hendy, M. Aberhan, J. Alroy, M. Clapham, W. Kiessling, A. Lin, and M. LaFlamme. 2009. Unpublished ecological data in support of GSA 2009 abstract: A 600 million year record of ecological diversification.; P. Gervais. 1852. Zoologie et Paléontologie Françaises (Animaux Vertébrés) ou Nouvelles Recherches sur les Animaux Vivants et Fossiles de la France [French Zoology and Paleontology (Vertebrate Animals) or New Research on the Living and Fossil Animals of France] 1–3:1-274+",,,"based on jaw length, or indirect estimates of jaw length using other preserved portions of the skull",NS,
Reptile,Squamata,Reptilia,Squamata,Globidens phosphaticus,species,Mesozoic,Cretaceous,Upper Cretaceous,Campanian,Cretaceous,Upper Cretaceous,Maastrichtian,"N. Bardet, H. Cappetta, X. Pereda Suberbiola, M. Mouty, A. K. Al Maleh, A. M. Ahmed, O. Khrata and N. Gannoum. 2000. The marine vertebrate faunas from the Late Cretaceous phosphates of Syria. Geological Magazine 137(3):269-290; H. Cappetta, N. Bardet, X. Pereda Suberbiola, S. Adnet, D. Akkrim, M. Amalik, and A. Benabdallah. 2014. Marine vertebrate faunas from the Maastrichtian phosphates of Benguérir (Ganntour Basin, Morocco): Biostratigraphy, palaeobiogeography and palaeoecology. Palaeogeography, Palaeoclimatology, Palaeoecology 409:217-238",6.00,TL,Polcyn et al. 2014,Syria; Al Bahr Al Ahmar Egypt; Namibe Angola; Morocco,Macropredator,Benthic,Coastal,carnivore durophagous /  Vertical and Habitat based on the Genus Globidens,"R. L. Carroll. 1988. Vertebrate Paleontology and Evolution 1-698; A. Hendy, M. Aberhan, J. Alroy, M. Clapham, W. Kiessling, A. Lin, and M. LaFlamme. 2009. Unpublished ecological data in support of GSA 2009 abstract: A 600 million year record of ecological diversification.; P. Gervais. 1852. Zoologie et Paléontologie Françaises (Animaux Vertébrés) ou Nouvelles Recherches sur les Animaux Vivants et Fossiles de la France [French Zoology and Paleontology (Vertebrate Animals) or New Research on the Living and Fossil Animals of France] 1–3:1-274+",,,"based on jaw length, or indirect estimates of jaw length using other preserved portions of the skull",NS,
Reptile,Squamata,Reptilia,Squamata,Globidens schurmanni,species,Mesozoic,Cretaceous,Upper Cretaceous,Campanian,Cretaceous,Upper Cretaceous,Campanian,"J. E. Martin. 2007. A new species of the durophagous mosasaur Globidens (Squamata: Mosasauridae) from the Late Cretaceous Pierre Shale Group of central South Dakota, USA. Geological Society of America Special Paper 427:177-198",6.00,TL,Polcyn et al. 2014,South Dakota USA,Macropredator,Benthic,Coastal,carnivore durophagous /  Vertical and Habitat based on the Genus Globidens,"R. L. Carroll. 1988. Vertebrate Paleontology and Evolution 1-698; A. Hendy, M. Aberhan, J. Alroy, M. Clapham, W. Kiessling, A. Lin, and M. LaFlamme. 2009. Unpublished ecological data in support of GSA 2009 abstract: A 600 million year record of ecological diversification.; P. Gervais. 1852. Zoologie et Paléontologie Françaises (Animaux Vertébrés) ou Nouvelles Recherches sur les Animaux Vivants et Fossiles de la France [French Zoology and Paleontology (Vertebrate Animals) or New Research on the Living and Fossil Animals of France] 1–3:1-274+",,,"based on jaw length, or indirect estimates of jaw length using other preserved portions of the skull",NS,
Reptile,Squamata,Reptilia,Squamata,Gnathomortis stadtmani,species,Mesozoic,Cretaceous,Upper Cretaceous,Campanian,Cretaceous,Upper Cretaceous,Campanian,M. S. Kass. 1999. Prognathodon stadtmani: (Mosasauridae) a new species from the Mancos Shale (Lower Campanian) of western Colorado. Utah Geological Survey Miscellaneous Publication 99-1:275-294,10.00,TL,Polcyn et al. 2014,Colorado USA,Macropredator,Pelagic,Oceanic,carnivore,"R. L. Carroll. 1988. Vertebrate Paleontology and Evolution 1-698; A. Hendy, M. Aberhan, J. Alroy, M. Clapham, W. Kiessling, A. Lin, and M. LaFlamme. 2009. Unpublished ecological data in support of GSA 2009 abstract: A 600 million year record of ecological diversification.; P. Gervais. 1852. Zoologie et Paléontologie Françaises (Animaux Vertébrés) ou Nouvelles Recherches sur les Animaux Vivants et Fossiles de la France [French Zoology and Paleontology (Vertebrate Animals) or New Research on the Living and Fossil Animals of France] 1–3:1-274+",,,"based on jaw length, or indirect estimates of jaw length using other preserved portions of the skull",NS,
Reptile,Squamata,Reptilia,Squamata,Goronyosaurus nigeriensis,species,Mesozoic,Cretaceous,Upper Cretaceous,Maastrichtian,Cretaceous,Upper Cretaceous,Maastrichtian,"A. Azzaroli, C. De Giuli, G. Ficcarelli and D. Torre. 1972. An aberrant mosasaur from the Upper Cretaceous of north-western Nigeria. Rendiconti della classe di fisiche, mathematiche e naturali 52:398-402",5.50,TL,Polcyn et al. 2014,Sokoto Nigeria,Macropredator,Pelagic,Coastal,carnivore / Vertical and Habitat based on Family Mosasauridae,"R. L. Carroll. 1988. Vertebrate Paleontology and Evolution 1-698; A. Hendy, M. Aberhan, J. Alroy, M. Clapham, W. Kiessling, A. Lin, and M. LaFlamme. 2009. Unpublished ecological data in support of GSA 2009 abstract: A 600 million year record of ecological diversification.; P. Gervais. 1852. Zoologie et Paléontologie Françaises (Animaux Vertébrés) ou Nouvelles Recherches sur les Animaux Vivants et Fossiles de la France [French Zoology and Paleontology (Vertebrate Animals) or New Research on the Living and Fossil Animals of France] 1–3:1-274+",,,"based on jaw length, or indirect estimates of jaw length using other preserved portions of the skull",NS,
Reptile,Squamata,Reptilia,Squamata,Haasiasaurus gittelmani,species,Mesozoic,Cretaceous,Upper Cretaceous,Cenomanian,Cretaceous,Upper Cretaceous,Cenomanian,G. Haas. 1978. A new turtle of the genus Podocnemis from the lower Cenomanian of 'Ein Yabrud. Israel Journal of Zoology 27:169-175,1.00,TL,Polcyn et al. 2014,Palestina,Macropredator,Pelagic,Coastal,carnivore / Vertical and Habitat based on Family Mosasauridae,"R. L. Carroll. 1988. Vertebrate Paleontology and Evolution 1-698; A. Hendy, M. Aberhan, J. Alroy, M. Clapham, W. Kiessling, A. Lin, and M. LaFlamme. 2009. Unpublished ecological data in support of GSA 2009 abstract: A 600 million year record of ecological diversification.; P. Gervais. 1852. Zoologie et Paléontologie Françaises (Animaux Vertébrés) ou Nouvelles Recherches sur les Animaux Vivants et Fossiles de la France [French Zoology and Paleontology (Vertebrate Animals) or New Research on the Living and Fossil Animals of France] 1–3:1-274+",,,"based on jaw length, or indirect estimates of jaw length using other preserved portions of the skull and portions of the vertebral column were compared with other specimens of similar sizebelonging to the same subfamily or clade and measurements were approximated.",NS,
Reptile,Squamata,Reptilia,Squamata,Halisaurus arambourgi,species,Mesozoic,Cretaceous,Upper Cretaceous,Maastrichtian,Cretaceous,Upper Cretaceous,Maastrichtian,"N. Bardet, X. Pereda Suberbiola, M. Iarochène, M. Amalik, and B. Bouya. 2005. Durophagous Mosasauridae (Squamata) from the Upper Cretaceous phosphates of Morocco, with description of a new species of Globidens. Netherlands Journal of Geosciences — Geologie en Mijnbouw 84(3):167-175; H. Cappetta, N. Bardet, X. Pereda Suberbiola, S. Adnet, D. Akkrim, M. Amalik, and A. Benabdallah. 2014. Marine vertebrate faunas from the Maastrichtian phosphates of Benguérir (Ganntour Basin, Morocco): Biostratigraphy, palaeobiogeography and palaeoecology. Palaeogeography, Palaeoclimatology, Palaeoecology 409:217-238",3.00,TL,Polcyn et al. 2014,Morocco,Macropredator,Pelagic,,carnivore / Vertical based on Genus Halisaurus,"R. L. Carroll. 1988. Vertebrate Paleontology and Evolution 1-698; A. Hendy, M. Aberhan, J. Alroy, M. Clapham, W. Kiessling, A. Lin, and M. LaFlamme. 2009. Unpublished ecological data in support of GSA 2009 abstract: A 600 million year record of ecological diversification.; P. Gervais. 1852. Zoologie et Paléontologie Françaises (Animaux Vertébrés) ou Nouvelles Recherches sur les Animaux Vivants et Fossiles de la France [French Zoology and Paleontology (Vertebrate Animals) or New Research on the Living and Fossil Animals of France] 1–3:1-274+",,,,NS,
Reptile,Squamata,Reptilia,Squamata,Halisaurus platyspondylus,species,Mesozoic,Cretaceous,Upper Cretaceous,Campanian,Cretaceous,Upper Cretaceous,Maastrichtian,"E. M. Lauginiger and E. F. Hartstein. 1983. A guide to fossil sharks, skates, and rays from the Chesapeake and Delaware Canal area, Delaware. Open File Report - Delaware Geological Survey 21:1-63; J. Leidy. 1856. Notices of remains of extinct vertebrated animals of New Jersey, collected by Prof. Cook of the State Geological Survey under the direction of Dr. W. Kitchell. Proceedings of the Academy of Natural Sciences of Philadelphia 8:220-221",4.00,TL,Polcyn et al. 2014,Delaware USA; New Jersey USA; Maryland USA,Macropredator,Pelagic,,carnivore / Vertical based on Genus Halisaurus,"R. L. Carroll. 1988. Vertebrate Paleontology and Evolution 1-698; A. Hendy, M. Aberhan, J. Alroy, M. Clapham, W. Kiessling, A. Lin, and M. LaFlamme. 2009. Unpublished ecological data in support of GSA 2009 abstract: A 600 million year record of ecological diversification.; P. Gervais. 1852. Zoologie et Paléontologie Françaises (Animaux Vertébrés) ou Nouvelles Recherches sur les Animaux Vivants et Fossiles de la France [French Zoology and Paleontology (Vertebrate Animals) or New Research on the Living and Fossil Animals of France] 1–3:1-274+",,,"based on jaw length, or indirect estimates of jaw length using other preserved portions of the skull and portions of the vertebral column were compared with other specimens of similar sizebelonging to the same subfamily or clade and measurements were approximated.",NS,
Reptile,Squamata,Reptilia,Squamata,Halisaurus angola,species,Mesozoic,Cretaceous,Upper Cretaceous,Maastrichtian,Cretaceous,Upper Cretaceous,Maastrichtian,Polcyn et al. 2014,3.00,TL,Polcyn et al. 2014,,Macropredator,Pelagic,,Guild and Vertical based on Genus Halisaurus,"BARDET, N., PEREDA SUBERBIOLA, X., IAROCHENE, M., BOUYA, B. and AMAGHZAZ, M. (2005), A new species of Halisaurus from the Late Cretaceous phosphates of Morocco, and the phylogenetical relationships of the Halisaurinae (Squamata: Mosasauridae). Zoological Journal of the Linnean Society, 143: 447-472. https://doi.org/10.1111/j.1096-3642.2005.00152.x",,,"based on jaw length, or indirect estimates of jaw length using other preserved portions of the skull",NS,
Reptile,Squamata,Reptilia,Squamata,Halisaurus california,species,Mesozoic,Cretaceous,Upper Cretaceous,Maastrichtian,Cretaceous,Upper Cretaceous,Maastrichtian,Polcyn et al. 2014,3.00,TL,Polcyn et al. 2014,,Macropredator,Pelagic,,Guild and Vertical based on Genus Halisaurus,"BARDET, N., PEREDA SUBERBIOLA, X., IAROCHENE, M., BOUYA, B. and AMAGHZAZ, M. (2005), A new species of Halisaurus from the Late Cretaceous phosphates of Morocco, and the phylogenetical relationships of the Halisaurinae (Squamata: Mosasauridae). Zoological Journal of the Linnean Society, 143: 447-472. https://doi.org/10.1111/j.1096-3642.2005.00152.x",,,portions of the vertebral column were compared with other specimens of similar sizebelonging to the same subfamily or clade and measurements were approximated.,NS,
Reptile,Placodontia,Reptilia,Placodontia,Helveticosaurus zollingeri,species,Mesozoic,Triassic,Middle Triassic,Anisian,Triassic,Middle Triassic,Ladinian,"O. Rieppel. 1998. The status of the sauropterygian reptile genera Ceresiosaurus, Lariosaurus, and Silvestrosaurus from the Middle Triassic of Europe. Fieldiana: Geology, new series 38:1-46",3.60,TL,"Rieppel, 2019, Mesozoic Sea Dragons, Indiana University Press, Helveticosaurus, Eusaurosphargis and the Placodonts, p.104-109",Cava Tre Fontane Switzerland,,,,,,,,Specimen found with 2.5m and estimated total length,NS,
Bird,Sphenisciformes,Aves ,Sphenisciformes,Icadyptes salasi,species,Cenozoic,Paleogene,Eocene,Priabonian,Paleogene,Eocene,Priabonian,"J. A. Clarke, D. T. Ksepka, M. Stucchi, M. Urbina, N. Giannini, S. Bertelli, Y. Narvaez and C. A. Boyd. 2007. Paleogene equatorial penguins challenge the proposed relationship between biogeography, diversity and Cenozoic climate change. Proceedings of the Academy of Natural Sciences 104(28):11545-11550",1.50,SH (standing height),Clarke et al. 2007,Peru,Macropredator,Pelagic,Coastal,carnivore,"A. M. Bush and R. K. Bambach. 2015. Sustained Mesozoic-Cenozoic diversification of marine Metazoa: a consistent signal from the fossil record. GSA Data Repository 2015330; M. J. Benton. 1983. Dinosaur success in the Triassic: a noncompetitive ecological model. Quarterly Review of Biology 58(1):29-55; O. C. Marsh. 1875. On the Odontornithes, or birds with teeth. American Journal of Science 10:403-413",,,,TB,
Bird,Sphenisciformes,Aves ,Sphenisciformes,Inkayacu paracasensis,species,Cenozoic,Paleogene,Eocene,Priabonian,Paleogene,Eocene,Priabonian,"J. A. Clarke, D. T. Ksepka, R. Salas-Gismondi, A. J. Altamirano, M. D. Shawkey, L. D’Alba, J. Vinther, T. J. DeVries, and P. Baby. 2010. Fossil evidence for evolution of the shape and color of penguin feathers. Science 330",1.50,SL (swimming length),Clarke et al. 2010,Peru,Macropredator,Pelagic,Coastal,carnivore,"A. M. Bush and R. K. Bambach. 2015. Sustained Mesozoic-Cenozoic diversification of marine Metazoa: a consistent signal from the fossil record. GSA Data Repository 2015330; M. J. Benton. 1983. Dinosaur success in the Triassic: a noncompetitive ecological model. Quarterly Review of Biology 58(1):29-55; O. C. Marsh. 1875. On the Odontornithes, or birds with teeth. American Journal of Science 10:403-414",,,,TB,
Bird,Sphenisciformes,Aves ,Sphenisciformes,Kairuku grebneffi,species,Cenozoic,Paleogene,Oligocene,Chattian,Paleogene,Oligocene,Chattian,"D. T. Ksepka, R. E. Fordyce, T. Ando and C. M. Jones. 2012. New fossil penguins (AVes, Sphenisciformes) from the Oligocene of New Zealand reveal the skeletal plan of stem penguins. Journal of Vertebrate Paleontology 32(2):235-254",1.28,SH (standing height),Ksepka et al. 2012,New Zealand,Macropredator,Pelagic,Coastal,carnivore,"A. M. Bush and R. K. Bambach. 2015. Sustained Mesozoic-Cenozoic diversification of marine Metazoa: a consistent signal from the fossil record. GSA Data Repository 2015330; M. J. Benton. 1983. Dinosaur success in the Triassic: a noncompetitive ecological model. Quarterly Review of Biology 58(1):29-55; O. C. Marsh. 1875. On the Odontornithes, or birds with teeth. American Journal of Science 10:403-415",,,,TB,
Bird,Sphenisciformes,Aves ,Sphenisciformes,Kairuku Waewaeroa,species,Cenozoic,Paleogene,Oligocene,Rupelian,Paleogene,Oligocene,Rupelian,"S. Giovanardi, D. T. Ksepka, and D. B. Thomas. 2021. A giant Oligocene fossil penguin from the North Island of New Zealand. Journal of Vertebrate Paleontology e1953047",1.60,BL,Giovanardi et al. 2021,New Zealand,Macropredator,Pelagic,Coastal,carnivore,"A. M. Bush and R. K. Bambach. 2015. Sustained Mesozoic-Cenozoic diversification of marine Metazoa: a consistent signal from the fossil record. GSA Data Repository 2015330; M. J. Benton. 1983. Dinosaur success in the Triassic: a noncompetitive ecological model. Quarterly Review of Biology 58(1):29-55; O. C. Marsh. 1875. On the Odontornithes, or birds with teeth. American Journal of Science 10:403-424",,,measurement: bill tip to toe tip,TB,
Reptile,Squamata,Reptilia,Squamata,Komensaurus carrolli,species,Mesozoic,Cretaceous,Upper Cretaceous,Cenomanian,Cretaceous,Upper Cretaceous,Cenomanian,M. W. Caldwell and A. Palci. 2007. A new basal mosasauroid from the Cenomanian (U. Cretaceous) of Slovenia with a review of mosasauroid phylogeny and evolution. Journal of Vertebrate Paleontology 27(4):863-880,1.50,TL,Polcyn et al. 2014,Slovenia,,,,,,,,"based on jaw length, or indirect estimates of jaw length using other preserved portions of the skull and portions of the vertebral column were compared with other specimens of similar sizebelonging to the same subfamily or clade and measurements were approximated.",NS,
Reptile,Squamata,Reptilia,Squamata,Kourisodon puntledgensis,species,Mesozoic,Cretaceous,Upper Cretaceous,Santonian,Cretaceous,Upper Cretaceous,Santonian,Polcyn et al. 2014,4.00,TL,Polcyn et al. 2014,British Columbia Canada,Macropredator,,,carnivore,"R. L. Carroll. 1988. Vertebrate Paleontology and Evolution 1-698; A. Hendy, M. Aberhan, J. Alroy, M. Clapham, W. Kiessling, A. Lin, and M. LaFlamme. 2009. Unpublished ecological data in support of GSA 2009 abstract: A 600 million year record of ecological diversification.; P. Gervais. 1852. Zoologie et Paléontologie Françaises (Animaux Vertébrés) ou Nouvelles Recherches sur les Animaux Vivants et Fossiles de la France [French Zoology and Paleontology (Vertebrate Animals) or New Research on the Living and Fossil Animals of France] 1–3:1-274+",,,"based on jaw length, or indirect estimates of jaw length using other preserved portions of the skull",NS,
Reptile,Plesiosauria,Reptilia,Plesiosauria,Kronosaurus,genus,Mesozoic,Cretaceous,Upper Cretaceous,Aptian,Cretaceous,Lower Cretaceous,Albian,Holland 2018,10.50,TL,McHenry 2009,"Queensland Australia, Boyacá Colombia",Macropredator,,,carnivore,W. Kiessling. 2004. Ecology opinions.,,,"Overall body proportions and size are estimated in the context of other known material from specimens of large pliosaurs, approximately 11’000 kg body mass; depth habitat surface",TB,
Bird,Sphenisciformes,Aves ,Sphenisciformes,Kumimanu biceae,species,Cenozoic,Paleogene,Paleocene,Danian,Paleogene,Paleocene,Selandian-Thanetian,"G. Mayr, R. P. Scofield, V. L. De Pietri and A. J. D. Tennyson. 2017. A Paleocene penguin from New Zealand substantiates multiple origins of gigantism in fossil Sphenisciformes. Nature Communication 8:1927",1.77,BL,Giovanardi et al. 2021,New Zealand,Macropredator,Pelagic,Coastal,carnivore,"A. M. Bush and R. K. Bambach. 2015. Sustained Mesozoic-Cenozoic diversification of marine Metazoa: a consistent signal from the fossil record. GSA Data Repository 2015330; M. J. Benton. 1983. Dinosaur success in the Triassic: a noncompetitive ecological model. Quarterly Review of Biology 58(1):29-55; O. C. Marsh. 1875. On the Odontornithes, or birds with teeth. American Journal of Science 10:403-416",,,,TB,
Reptile,Protorosauria,Reptilia,Protorosauria,Macrocnemus bassanii,species,Mesozoic,Triassic,Middle Triassic,Anisian,Triassic,Middle Triassic,Ladinian,"E. Kuhn-Schnyder. 1962. Ein weiterer Schädel von Macrocnemus bassanii Nopcsa aus der anisischen Stufe der Trias des Monte San Giorgio (Kt. Tessin, Schweiz). Palaeontologische Zeitschrift 36:110-133",1.20,TL,"Rieppel, 2019, Mesozoic Sea Dragons, Indiana University Press, Protorosaurs, p.174-178","Besano Italy, Monte San Giorgio Switzerland",,,,,,,,Estimated from entire skeleton,NS,
Reptile,Ichthyosauria,Reptilia,Ichthyosauria,Mixosaurus cornalius,species,Mesozoic,Triassic,Middle Triassic,Anisian,Triassic,Middle Triassic,Ladinian,"Rieppel, 2019, Mesozoic Sea Dragons, Indiana University Press, Ichthyosaurs, p.92-95",1.50,TL,"Rieppel, 2019, Mesozoic Sea Dragons, Indiana University Press, Ichthyosaurs, p.92-95",Besano Italy,,,,,,,,The skull is 25% of the TL.,NS,
Reptile,Squamata,Reptilia,Squamata,Mosasaurus beaugei,species,Mesozoic,Cretaceous,Upper Cretaceous,Maastrichtian,Cretaceous,Upper Cretaceous,Maastrichtian,Polcyn et al. 2014,9.00,TL,Polcyn et al. 2014,Syria; Morocco,Macropredator,,,carnivore,"R. L. Carroll. 1988. Vertebrate Paleontology and Evolution 1-698; A. Hendy, M. Aberhan, J. Alroy, M. Clapham, W. Kiessling, A. Lin, and M. LaFlamme. 2009. Unpublished ecological data in support of GSA 2009 abstract: A 600 million year record of ecological diversification.; P. Gervais. 1852. Zoologie et Paléontologie Françaises (Animaux Vertébrés) ou Nouvelles Recherches sur les Animaux Vivants et Fossiles de la France [French Zoology and Paleontology (Vertebrate Animals) or New Research on the Living and Fossil Animals of France] 1–3:1-274+",,,"based on jaw length, or indirect estimates of jaw length using other preserved portions of the skull",NS,
Reptile,Squamata,Reptilia,Squamata,Mosasaurus conodon,species,Mesozoic,Cretaceous,Upper Cretaceous,Campanian,Cretaceous,Upper Cretaceous,Maastrichtian,Polcyn et al. 2014,10.00,TL,Polcyn et al. 2014,Saskatchewan Canada; New Jersey USA; Maryland USA,Macropredator,,,carnivore,"R. L. Carroll. 1988. Vertebrate Paleontology and Evolution 1-698; A. Hendy, M. Aberhan, J. Alroy, M. Clapham, W. Kiessling, A. Lin, and M. LaFlamme. 2009. Unpublished ecological data in support of GSA 2009 abstract: A 600 million year record of ecological diversification.; P. Gervais. 1852. Zoologie et Paléontologie Françaises (Animaux Vertébrés) ou Nouvelles Recherches sur les Animaux Vivants et Fossiles de la France [French Zoology and Paleontology (Vertebrate Animals) or New Research on the Living and Fossil Animals of France] 1–3:1-274+",,,,NS,
Reptile,Squamata,Reptilia,Squamata,Mosasaurus hoffmanni,species,Mesozoic,Cretaceous,Upper Cretaceous,Campanian,Cretaceous,Upper Cretaceous,Maastrichtian,Fanti et al. 2014; Palci et al.2014,11.00,TL,Fanti et al.2014,Italy,Macropredator,,,carnivore,"R. L. Carroll. 1988. Vertebrate Paleontology and Evolution 1-698; A. Hendy, M. Aberhan, J. Alroy, M. Clapham, W. Kiessling, A. Lin, and M. LaFlamme. 2009. Unpublished ecological data in support of GSA 2009 abstract: A 600 million year record of ecological diversification.; P. Gervais. 1852. Zoologie et Paléontologie Françaises (Animaux Vertébrés) ou Nouvelles Recherches sur les Animaux Vivants et Fossiles de la France [French Zoology and Paleontology (Vertebrate Animals) or New Research on the Living and Fossil Animals of France] 1–3:1-274+",,,total body length is about 7-10 times the skull length,NS,
Reptile,Squamata,Reptilia,Squamata,Mosasaurus missouriensis,species,Mesozoic,Cretaceous,Upper Cretaceous,Campanian,Cretaceous,Upper Cretaceous,Campanian,Konishi et al.2014,9.00,TL,Polcyn et al. 2014,South Dakota USA,Macropredator,,,carnivore,"R. L. Carroll. 1988. Vertebrate Paleontology and Evolution 1-698; A. Hendy, M. Aberhan, J. Alroy, M. Clapham, W. Kiessling, A. Lin, and M. LaFlamme. 2009. Unpublished ecological data in support of GSA 2009 abstract: A 600 million year record of ecological diversification.; P. Gervais. 1852. Zoologie et Paléontologie Françaises (Animaux Vertébrés) ou Nouvelles Recherches sur les Animaux Vivants et Fossiles de la France [French Zoology and Paleontology (Vertebrate Animals) or New Research on the Living and Fossil Animals of France] 1–3:1-274+",,,"based on jaw length, or indirect estimates of jaw length using other preserved portions of the skull",NS,
Reptile,Squamata,Reptilia,Squamata,Mosasaurus mokoroa,species,Mesozoic,Cretaceous,Upper Cretaceous,Campanian,Cretaceous,Upper Cretaceous,Maastrichtian,Polcyn et al. 2014,7.00,TL,Polcyn et al. 2014,South Island New Zealand,Macropredator,,,carnivore,"R. L. Carroll. 1988. Vertebrate Paleontology and Evolution 1-698; A. Hendy, M. Aberhan, J. Alroy, M. Clapham, W. Kiessling, A. Lin, and M. LaFlamme. 2009. Unpublished ecological data in support of GSA 2009 abstract: A 600 million year record of ecological diversification.; P. Gervais. 1852. Zoologie et Paléontologie Françaises (Animaux Vertébrés) ou Nouvelles Recherches sur les Animaux Vivants et Fossiles de la France [French Zoology and Paleontology (Vertebrate Animals) or New Research on the Living and Fossil Animals of France] 1–3:1-274+",,,"based on jaw length, or indirect estimates of jaw length using other preserved portions of the skull",NS,
Reptile,Nothosauroidea,Reptilia,Nothosauroidea,Nothosaurus giganteus,species,Mesozoic,Triassic,Middle Triassic,Anisian,Triassic,Middle Triassic,Carnian,"O. Rieppel. 1989. A New Pachypleurosaur (Reptilia: Sauropterygia) from the Middle Triassic of Monte San Giorgio, Switzerland. Philosophical Transactions of the Royal Society of London, Series B, Biological Sciences 323(1212):1-73; M. Dalla Vecchia and M. Avanzini. 2002. New findings of isolated remains of Triassic reptiles from Northeastern Italy. Bollettino della Societa Paleontologica Italiana 42(2-3):215-235",3.80,TL,"Rieppel, 2019, Mesozoic Sea Dragons, Indiana University Press, Lariosaurs and Nothosaurs, p.148","Cava Tre Fontane Switzerland, Germany, Bulgaria, France, Saudi Arabia, Spain, Italy",,,,,,,,,NS,
Reptile,Squamata,Reptilia,Squamata,Opetiosaurus bucchichi,species,Mesozoic,Cretaceous,Upper Cretaceous,Cenomanian,Cretaceous,Upper Cretaceous,Cenomanian,F. Bassani. 1879. Vorläufige Mitteilungen über die Fischfauna der Insel Lesina. Verhandlungen der Kaiserlich-Königlichen Geologischen Reichsanstalt 1879:162-170,1.00,TL,Polcyn et al. 2014,Croatia,,,,,,,,"based on jaw length, or indirect estimates of jaw length using other preserved portions of the skull and portions of the vertebral column were compared with other specimens of similar sizebelonging to the same subfamily or clade and measurements were approximated.",NS,
Bird,Sphenisciformes,Aves ,Sphenisciformes,Pachydyptes ponderosus,species,Cenozoic,Paleogene,Eocene,Priabonian,Paleogene,Eocene,Priabonian,W. R. B. Oliver. 1930. New Zealand Birds,1.80,SH (standing height),Ksepka et al. 2012,New Zealand,Macropredator,Pelagic,Coastal,carnivore,"A. M. Bush and R. K. Bambach. 2015. Sustained Mesozoic-Cenozoic diversification of marine Metazoa: a consistent signal from the fossil record. GSA Data Repository 2015330; M. J. Benton. 1983. Dinosaur success in the Triassic: a noncompetitive ecological model. Quarterly Review of Biology 58(1):29-55; O. C. Marsh. 1875. On the Odontornithes, or birds with teeth. American Journal of Science 10:403-417",,,,TB,
Bird,Sphenisciformes,Aves ,Sphenisciformes,Palaeeudyptes antarcticus,species,Cenozoic,Paleogene,Eocene,Priabonian,Paleogene,Oligocene,Chattian,"G. G. Simpson. 1971. A review of the pre-Pliocene penguins of New Zealand. Bulletin of the American Museum of Natural History 144(5):319-378, G. G. Simpson. 1971. A review of the pre-Pliocene penguins of New Zealand. Bulletin of the American Museum of Natural History 144(5):319-378",1.50,SH (standing height),Ksepka et al. 2012,New Zealand,Macropredator,Pelagic,Coastal,carnivore,"A. M. Bush and R. K. Bambach. 2015. Sustained Mesozoic-Cenozoic diversification of marine Metazoa: a consistent signal from the fossil record. GSA Data Repository 2015330; M. J. Benton. 1983. Dinosaur success in the Triassic: a noncompetitive ecological model. Quarterly Review of Biology 58(1):29-55; O. C. Marsh. 1875. On the Odontornithes, or birds with teeth. American Journal of Science 10:403-418",,,,TB,
Bird,Sphenisciformes,Aves ,Sphenisciformes,Palaeeudyptes gunnari,species,Cenozoic,Paleogene,Eocene,Ypresian,Paleogene,Eocene,Priabonian,"J. D. Stilwell and W. J. Zinsmeister. 1992. Molluscan Systematics and Biostratigraphy. Antarctic Research Series, AGU 55, M. S. Bargo and M. A. Reguero. 1998. Annotated catalogue of the fossil vertebrates from Antarctica housed in the Museo de la Plata, P. Jadwiszczak. 2008. An intriguing penguin bone from the Late Eocene of Seymour Island, Antarctic Peninsula. Antarctic Science 20(6):589-590",1.69,BL,Jadwiszczak 2001,"Antarctica, Argentina",Macropredator,Pelagic,Coastal,carnivore,"A. M. Bush and R. K. Bambach. 2015. Sustained Mesozoic-Cenozoic diversification of marine Metazoa: a consistent signal from the fossil record. GSA Data Repository 2015330; M. J. Benton. 1983. Dinosaur success in the Triassic: a noncompetitive ecological model. Quarterly Review of Biology 58(1):29-55; O. C. Marsh. 1875. On the Odontornithes, or birds with teeth. American Journal of Science 10:403-420",,,,TB,
Bird,Sphenisciformes,Aves ,Sphenisciformes,Palaeeudyptes klekowskii,species,Cenozoic,Paleogene,Eocene,Lutetian,Paleogene,Eocene,Priabonian,"A. L. Cione and M. A. Reguero. 1994. New records of the sharks Isurus and Hexanchus from the Eocene of Seymour Island, Antarctica. Proceedings of the Geologists' Association 105:1-14, J. D. Stilwell and W. J. Zinsmeister. 1992. Molluscan Systematics and Biostratigraphy. Antarctic Research Series, AGU 55",1.93,BL,Jadwiszczak 2001,Antarctica,Macropredator,Pelagic,Coastal,carnivore,"A. M. Bush and R. K. Bambach. 2015. Sustained Mesozoic-Cenozoic diversification of marine Metazoa: a consistent signal from the fossil record. GSA Data Repository 2015330; M. J. Benton. 1983. Dinosaur success in the Triassic: a noncompetitive ecological model. Quarterly Review of Biology 58(1):29-55; O. C. Marsh. 1875. On the Odontornithes, or birds with teeth. American Journal of Science 10:403-419",,,,TB,
Reptile,Placodontia,Reptilia,Placodontia,Paraplacodus broilli,species,Mesozoic,Triassic,Middle Triassic,Anisian,Triassic,Middle Triassic,Ladinian,"S. Nosotti. 1986. Denti di rettili placodonti nelle collezioni del Museo Civico di Storia Naturale di Milano. Atti della Società Italiana di Scienze Naturali e del Museo Civico di Storia Naturale di Milano 127(3-4):237-244; O. Rieppel. 1989. A New Pachypleurosaur (Reptilia: Sauropterygia) from the Middle Triassic of Monte San Giorgio, Switzerland. Philosophical Transactions of the Royal Society of London, Series B, Biological Sciences 323(1212):1-73",1.50,TL,"Rieppel, 2019, Mesozoic Sea Dragons, Indiana University Press, Helveticosaurus, Eusaurosphargis and the Placodonts, p.98-106","Italy, Cava Tre Fontane Switzerland",,,,,,,,Estimated from 1.4m skeleton,NS,
Reptile,Squamata,Reptilia,Squamata,Phosphorosaurus ortliebi,species,Mesozoic,Cretaceous,Upper Cretaceous,Maastrichtian,Cretaceous,Upper Cretaceous,Maastrichtian,W. J. Kennedy. 1993. Campanian and Maastrichtian ammonites from the Mons Basin and adajcent areas (Belgium). Bulletin de L'Institute Royal des Sciences Naturelles de Belgique 63:99-131,3.00,TL,Polcyn et al. 2014,Belgium,Macropredator,,,carnivore,"R. L. Carroll. 1988. Vertebrate Paleontology and Evolution 1-698; A. Hendy, M. Aberhan, J. Alroy, M. Clapham, W. Kiessling, A. Lin, and M. LaFlamme. 2009. Unpublished ecological data in support of GSA 2009 abstract: A 600 million year record of ecological diversification.; P. Gervais. 1852. Zoologie et Paléontologie Françaises (Animaux Vertébrés) ou Nouvelles Recherches sur les Animaux Vivants et Fossiles de la France [French Zoology and Paleontology (Vertebrate Animals) or New Research on the Living and Fossil Animals of France] 1–3:1-274+",,,"based on jaw length, or indirect estimates of jaw length using other preserved portions of the skull",NS,
Reptile,Squamata,Reptilia,Squamata,Platecarpus nichollsae,species,Mesozoic,Cretaceous,Upper Cretaceous,Campanian,Cretaceous,Upper Cretaceous,Campanian,E. L. Nicholls. 1988. The first record of the mosasaur Hainosaurus (Reptilia: Lacertilia) from North America. Canadian Journal of Earth Sciences 25:1564-1570,4.00,TL,Polcyn et al. 2014,Manitoba Canada,,,,,,,,"based on jaw length, or indirect estimates of jaw length using other preserved portions of the skull",NS,
Reptile,Squamata,Reptilia,Squamata,Platecarpus planifrons,species,Mesozoic,Cretaceous,Upper Cretaceous,Coniacian,Cretaceous,Upper Cretaceous,Santonian,"G. L. Bell Jr., K. R. Barnes, and M. J. Polcyn. 2013. Late Cretaceous mosasauroids (Reptilia, Squamata) of the Big bend region in Texas, USA. Earth and Environmental Science Transactions of the Royal Society of Edinburgh 103:1-11; T. Konishi and M. W. Caldwell. 2007. New specimens of Platecarpus planifrons (Cope, 1874) (Squamata: Mosasauridae) and a revised taxonomy of the genus. Journal of Vertebrate Paleontology 27(1):59-72; M. J. Everhart. 2001. Revisions to the biostratigraphy of the Moasasauridae (Squamata) in the Smoky Hill Chalk Member of the Niobara Chalk (Late Cretaceous) of Kansas. Transactions of the Kansas Academy of Science 104(1-2):59-78",5.00,TL,Polcyn et al. 2014,Texas USA; Kansas USA,Macropredator,,,carnivore,"R. L. Carroll. 1988. Vertebrate Paleontology and Evolution 1-698; A. Hendy, M. Aberhan, J. Alroy, M. Clapham, W. Kiessling, A. Lin, and M. LaFlamme. 2009. Unpublished ecological data in support of GSA 2009 abstract: A 600 million year record of ecological diversification.; P. Gervais. 1852. Zoologie et Paléontologie Françaises (Animaux Vertébrés) ou Nouvelles Recherches sur les Animaux Vivants et Fossiles de la France [French Zoology and Paleontology (Vertebrate Animals) or New Research on the Living and Fossil Animals of France] 1–3:1-274+",,,"based on jaw length, or indirect estimates of jaw length using other preserved portions of the skull",NS,
Reptile,Squamata,Reptilia,Squamata,Platecarpus somenensis,species,Mesozoic,Cretaceous,Upper Cretaceous,Santonian,Cretaceous,Upper Cretaceous,Campanian,N. Bardet. 2012. The mosasaur collections of the Museum National d'Histoire Naturelle of Paris. Bulletin de la Societe Geologique de France 183(1):35-53; J. T. Thurmond. 1969. Notes on mosasaurs from Texas. The Texas Journal of Science 21(1):69-80; J. Lindgren. 2005. The first record of Hainosaurus (Reptilia: Mosasauridae) from Sweden. Journal of Paleontology 79(6):1157-1165; D. A. Russell. 1964. The Skull of American Mosasaurs. 1-386,7.00,TL,Polcyn et al. 2014,Somme France; Texas USA; Sweden; South Dakota USA,Macropredator,,,carnivore,"R. L. Carroll. 1988. Vertebrate Paleontology and Evolution 1-698; A. Hendy, M. Aberhan, J. Alroy, M. Clapham, W. Kiessling, A. Lin, and M. LaFlamme. 2009. Unpublished ecological data in support of GSA 2009 abstract: A 600 million year record of ecological diversification.; P. Gervais. 1852. Zoologie et Paléontologie Françaises (Animaux Vertébrés) ou Nouvelles Recherches sur les Animaux Vivants et Fossiles de la France [French Zoology and Paleontology (Vertebrate Animals) or New Research on the Living and Fossil Animals of France] 1–3:1-274+",,,"based on jaw length, or indirect estimates of jaw length using other preserved portions of the skull",NS,
Reptile,Squamata,Reptilia,Squamata,Platecarpus tympaniticus,species,Mesozoic,Cretaceous,Upper Cretaceous,Santonian,Cretaceous,Upper Cretaceous,Campanian,"J. Leidy. 1866. [The specimen of a large phalanx of an extinct reptile]. Proceedings of the Academy of Natural Sciences of Philadelphia 1866:9; J. Lindgren, M. W. Caldwell, T. Konishi and L. M. Chiappe. 2010. Convergent evolution in aquatic tetrapods: insights from an exceptional fossil mosasaur. PLoS One 5(8):e11998",5.40,TL,Polcyn et al. 2014,Mississipi USA; Kansas USA,Macropredator,,,carnivore,"R. L. Carroll. 1988. Vertebrate Paleontology and Evolution 1-698; A. Hendy, M. Aberhan, J. Alroy, M. Clapham, W. Kiessling, A. Lin, and M. LaFlamme. 2009. Unpublished ecological data in support of GSA 2009 abstract: A 600 million year record of ecological diversification.; P. Gervais. 1852. Zoologie et Paléontologie Françaises (Animaux Vertébrés) ou Nouvelles Recherches sur les Animaux Vivants et Fossiles de la France [French Zoology and Paleontology (Vertebrate Animals) or New Research on the Living and Fossil Animals of France] 1–3:1-274+",,,,NS,
Reptile,Squamata,Reptilia,Squamata,Platecarpus willistoni,species,Mesozoic,Cretaceous,Upper Cretaceous,Campanian,Cretaceous,Upper Cretaceous,Campanian,"L. V. Hills, E. L. Nicholls, L. M. Nunez-Betelu and D. J. McIntyre. 1999. Hesperornis (Aves) from Ellesmere Island and palynological correlation of known Canadian localities. Canadian Journal of Earth Sciences 36:1583-1588",5.00,TL,Polcyn et al. 2014,Manitoba Canada,,,,,,,,"based on jaw length, or indirect estimates of jaw length using other preserved portions of the skull",NS,
Reptile,Squamata,Reptilia,Squamata,Plesiotylosaurus crassidens,species,Mesozoic,Cretaceous,Upper Cretaceous,Maastrichtian,Cretaceous,Upper Cretaceous,Maastrichtian,"C. Stock. 1939. Occurrence of Cretaceous reptiles in the Moreno Shale of the southern coast ranges, California. Proceedings of the National Academy of Sciences 25(12):617-620",7.00,TL,Polcyn et al. 2014,California USA,Macropredator,,,carnivore,"R. L. Carroll. 1988. Vertebrate Paleontology and Evolution 1-698; A. Hendy, M. Aberhan, J. Alroy, M. Clapham, W. Kiessling, A. Lin, and M. LaFlamme. 2009. Unpublished ecological data in support of GSA 2009 abstract: A 600 million year record of ecological diversification.; P. Gervais. 1852. Zoologie et Paléontologie Françaises (Animaux Vertébrés) ou Nouvelles Recherches sur les Animaux Vivants et Fossiles de la France [French Zoology and Paleontology (Vertebrate Animals) or New Research on the Living and Fossil Animals of France] 1–3:1-274+",,,"based on jaw length, or indirect estimates of jaw length using other preserved portions of the skull",NS,
Reptile,Squamata,Reptilia,Squamata,Plioplatecarpus houzeaui,species,Mesozoic,Cretaceous,Upper Cretaceous,Maastrichtian,Cretaceous,Upper Cretaceous,Maastrichtian,W. J. Kennedy. 1993. Campanian and Maastrichtian ammonites from the Mons Basin and adajcent areas (Belgium). Bulletin de L'Institute Royal des Sciences Naturelles de Belgique 63:99-131,3.00,TL,Polcyn et al. 2014,Belgium,Macropredator,,,carnivore,"R. L. Carroll. 1988. Vertebrate Paleontology and Evolution 1-698; A. Hendy, M. Aberhan, J. Alroy, M. Clapham, W. Kiessling, A. Lin, and M. LaFlamme. 2009. Unpublished ecological data in support of GSA 2009 abstract: A 600 million year record of ecological diversification.; P. Gervais. 1852. Zoologie et Paléontologie Françaises (Animaux Vertébrés) ou Nouvelles Recherches sur les Animaux Vivants et Fossiles de la France [French Zoology and Paleontology (Vertebrate Animals) or New Research on the Living and Fossil Animals of France] 1–3:1-274+",,,"based on jaw length, or indirect estimates of jaw length using other preserved portions of the skull",NS,
Reptile,Squamata,Reptilia,Squamata,Plioplatecarpus marshi,species,Mesozoic,Cretaceous,Upper Cretaceous,Maastrichtian,Cretaceous,Upper Cretaceous,Maastrichtian,L. Dollo. 1909. The fossil vertebrates of Belgium. Annals of the New York Academy of Science 19(4):99-119,5.00,TL,Polcyn et al. 2014,Limburg Netherlands,Macropredator,,,carnivore,"R. L. Carroll. 1988. Vertebrate Paleontology and Evolution 1-698; A. Hendy, M. Aberhan, J. Alroy, M. Clapham, W. Kiessling, A. Lin, and M. LaFlamme. 2009. Unpublished ecological data in support of GSA 2009 abstract: A 600 million year record of ecological diversification.; P. Gervais. 1852. Zoologie et Paléontologie Françaises (Animaux Vertébrés) ou Nouvelles Recherches sur les Animaux Vivants et Fossiles de la France [French Zoology and Paleontology (Vertebrate Animals) or New Research on the Living and Fossil Animals of France] 1–3:1-274+",,,"based on jaw length, or indirect estimates of jaw length using other preserved portions of the skull",NS,
Reptile,Plesiosauria,Reptilia,Plesiosauria,Pliosaurus funkei,species,Mesozoic,Cretaceous,Upper Cretaceous,Tithonian,Cretaceous,Upper Cretaceous,Tithonian,"E. M. Knutsen, P. S. Druckenmiller, and J. H. Hurum. 2012. A new species of Pliosaurus (Sauropterygia: Plesiosauria) from the Middle Volgian of central Spitsbergen, Norway. Norwegian Journal of Geology 92:235-258",13.00,BL,Knutsen et al. 2012,Spitsbergen Norway,Macropredator,,,carnivore,W. Kiessling. 2004. Ecology opinions.,,,,TB,
Reptile,Squamata,Reptilia,Squamata,Plotosaurus bennisoni,species,Mesozoic,Cretaceous,Upper Cretaceous,Maastrichtian,Cretaceous,Upper Cretaceous,Maastrichtian,Polcyn et al. 2014,9.00,TL,Polcyn et al. 2014,California USA,Macropredator,,,carnivore,"R. L. Carroll. 1988. Vertebrate Paleontology and Evolution 1-698; A. Hendy, M. Aberhan, J. Alroy, M. Clapham, W. Kiessling, A. Lin, and M. LaFlamme. 2009. Unpublished ecological data in support of GSA 2009 abstract: A 600 million year record of ecological diversification.; P. Gervais. 1852. Zoologie et Paléontologie Françaises (Animaux Vertébrés) ou Nouvelles Recherches sur les Animaux Vivants et Fossiles de la France [French Zoology and Paleontology (Vertebrate Animals) or New Research on the Living and Fossil Animals of France] 1–3:1-274+",,,"based on jaw length, or indirect estimates of jaw length using other preserved portions of the skull",NS,
Reptile,Squamata,Reptilia,Squamata,Prognathodon currii,species,Mesozoic,Cretaceous,Upper Cretaceous,Campanian,Cretaceous,Upper Cretaceous,Maastrichtian,"Z. Lewy and H. Cappetta. 1989. Senonian elasmobranch teeth from Israel. Biostratigraphic and paleoenvironmental implications. Neues Jahrbuch für Geologie und Paläontologie, Monatshefte 1989(4):212-222; H. Cappetta, N. Bardet, X. Pereda Suberbiola, S. Adnet, D. Akkrim, M. Amalik, and A. Benabdallah. 2014. Marine vertebrate faunas from the Maastrichtian phosphates of Benguérir (Ganntour Basin, Morocco): Biostratigraphy, palaeobiogeography and palaeoecology. Palaeogeography, Palaeoclimatology, Palaeoecology 409:217-238",10.00,TL,Polcyn et al. 2014+P25:R26,Israel; Morocco,Macropredator,,,carnivore,"R. L. Carroll. 1988. Vertebrate Paleontology and Evolution 1-698; A. Hendy, M. Aberhan, J. Alroy, M. Clapham, W. Kiessling, A. Lin, and M. LaFlamme. 2009. Unpublished ecological data in support of GSA 2009 abstract: A 600 million year record of ecological diversification.; P. Gervais. 1852. Zoologie et Paléontologie Françaises (Animaux Vertébrés) ou Nouvelles Recherches sur les Animaux Vivants et Fossiles de la France [French Zoology and Paleontology (Vertebrate Animals) or New Research on the Living and Fossil Animals of France] 1–3:1-274+",,,,NS,
Reptile,Squamata,Reptilia,Squamata,Prognathodon giganteus,species,Mesozoic,Cretaceous,Upper Cretaceous,Campanian,Cretaceous,Upper Cretaceous,Maastrichtian,"W. J. Kennedy. 1993. Campanian and Maastrichtian ammonites from the Mons Basin and adajcent areas (Belgium). Bulletin de L'Institute Royal des Sciences Naturelles de Belgique 63:99-131; N. Bardet, X. Pereda Suberbiola, M. Iarochène, M. Amalik, and B. Bouya. 2005. Durophagous Mosasauridae (Squamata) from the Upper Cretaceous phosphates of Morocco, with description of a new species of Globidens. Netherlands Journal of Geosciences — Geologie en Mijnbouw 84(3):167-175",7.00,TL,Polcyn et al. 2014,Belgium; Syria; Jordan; Morocco,Macropredator,,,carnivore,"R. L. Carroll. 1988. Vertebrate Paleontology and Evolution 1-698; A. Hendy, M. Aberhan, J. Alroy, M. Clapham, W. Kiessling, A. Lin, and M. LaFlamme. 2009. Unpublished ecological data in support of GSA 2009 abstract: A 600 million year record of ecological diversification.; P. Gervais. 1852. Zoologie et Paléontologie Françaises (Animaux Vertébrés) ou Nouvelles Recherches sur les Animaux Vivants et Fossiles de la France [French Zoology and Paleontology (Vertebrate Animals) or New Research on the Living and Fossil Animals of France] 1–3:1-274+",,,"based on jaw length, or indirect estimates of jaw length using other preserved portions of the skull",NS,
Reptile,Squamata,Reptilia,Squamata,Prognathodon kianda,species,Mesozoic,Cretaceous,Upper Cretaceous,Maastrichtian,Cretaceous,Upper Cretaceous,Maastrichtian,M. T. Antunes. 1964. O Neocretácico e o Cenozoico do litoral de Angola. Junta de Investigações do Ultramar 1-254,9.00,TL,Polcyn et al. 2014,Namibe Angola,Macropredator,,,carnivore,"R. L. Carroll. 1988. Vertebrate Paleontology and Evolution 1-698; A. Hendy, M. Aberhan, J. Alroy, M. Clapham, W. Kiessling, A. Lin, and M. LaFlamme. 2009. Unpublished ecological data in support of GSA 2009 abstract: A 600 million year record of ecological diversification.; P. Gervais. 1852. Zoologie et Paléontologie Françaises (Animaux Vertébrés) ou Nouvelles Recherches sur les Animaux Vivants et Fossiles de la France [French Zoology and Paleontology (Vertebrate Animals) or New Research on the Living and Fossil Animals of France] 1–3:1-274+",,,"based on jaw length, or indirect estimates of jaw length using other preserved portions of the skull",NS,
Reptile,Squamata,Reptilia,Squamata,Prognathodon mosasauroides,species,Mesozoic,Cretaceous,Upper Cretaceous,Maastrichtian,Cretaceous,Upper Cretaceous,Maastrichtian,"A. Gaudry. 1892. Les pythonomorphes de France. Mémoires de la Société Géologique de France, Paléontologie 10:1-13",7.50,TL,Polcyn et al. 2014,France,Macropredator,,,carnivore,"R. L. Carroll. 1988. Vertebrate Paleontology and Evolution 1-698; A. Hendy, M. Aberhan, J. Alroy, M. Clapham, W. Kiessling, A. Lin, and M. LaFlamme. 2009. Unpublished ecological data in support of GSA 2009 abstract: A 600 million year record of ecological diversification.; P. Gervais. 1852. Zoologie et Paléontologie Françaises (Animaux Vertébrés) ou Nouvelles Recherches sur les Animaux Vivants et Fossiles de la France [French Zoology and Paleontology (Vertebrate Animals) or New Research on the Living and Fossil Animals of France] 1–3:1-274+",,,"based on jaw length, or indirect estimates of jaw length using other preserved portions of the skull",NS,
Reptile,Squamata,Reptilia,Squamata,Prognathodon overtoni,species,Mesozoic,Cretaceous,Upper Cretaceous,Campanian,Cretaceous,Upper Cretaceous,Campanian,"T. Konishi, D. Brinkman, J. A. Massare and M. W. Caldwell. 2011. New exceptional specimens of Prognathodon overtoni (Squamata, Mosasauridae) from the upper Campanian of Alberta, Canada, and the systematics and ecology of the genus. Journal of Vertebrate Paleontology 31(5):1026-1046",6.00,TL,Polcyn et al. 2014,South Dakota USA; Colorado USA; Alberta Canada,Macropredator,,,carnivore,"R. L. Carroll. 1988. Vertebrate Paleontology and Evolution 1-698; A. Hendy, M. Aberhan, J. Alroy, M. Clapham, W. Kiessling, A. Lin, and M. LaFlamme. 2009. Unpublished ecological data in support of GSA 2009 abstract: A 600 million year record of ecological diversification.; P. Gervais. 1852. Zoologie et Paléontologie Françaises (Animaux Vertébrés) ou Nouvelles Recherches sur les Animaux Vivants et Fossiles de la France [French Zoology and Paleontology (Vertebrate Animals) or New Research on the Living and Fossil Animals of France] 1–3:1-274+",,,,NS,
Reptile,Squamata,Reptilia,Squamata,Prognathodon saturator,species,Mesozoic,Cretaceous,Upper Cretaceous,Maastrichtian,Cretaceous,Upper Cretaceous,Maastrichtian,"O. Mateus, M. J. Polcyn, L. L. Jacobs, R. Arujo, A. S. Schulp, J. Marinheiro, B. Pereira and D. P. Vineyard. 2012. Cretaceous amniotes from Angola: dinosaurs, pterosaurs, mosasaurs, plesiosaurs, turtles. Actas de V Jornadas Internacionales sobre Paleontologia de Dinosaurios y su Entorno, Salas de los Infantes, Burgos 71-105",11.00,TL,Polcyn et al. 2014,Namibe Angola; Limburg Netherlands,Macropredator,,,carnivore,"R. L. Carroll. 1988. Vertebrate Paleontology and Evolution 1-698; A. Hendy, M. Aberhan, J. Alroy, M. Clapham, W. Kiessling, A. Lin, and M. LaFlamme. 2009. Unpublished ecological data in support of GSA 2009 abstract: A 600 million year record of ecological diversification.; P. Gervais. 1852. Zoologie et Paléontologie Françaises (Animaux Vertébrés) ou Nouvelles Recherches sur les Animaux Vivants et Fossiles de la France [French Zoology and Paleontology (Vertebrate Animals) or New Research on the Living and Fossil Animals of France] 1–3:1-274+",,,,NS,
Reptile,Squamata,Reptilia,Squamata,Prognathodon sectorius,species,Mesozoic,Cretaceous,Upper Cretaceous,Campanian,Cretaceous,Upper Cretaceous,Maastrichtian,"N. Bardet, X. Pereda Suberbiola, J.-C. Corral, J. I. Baceta, J. A. Torres, B. Botantz, and G. Martin. 2012. A skull fragment of the mosasaurid Prognathodon cf. sectorius from the Late Cretaceous of Navarre (Basque-Cantabrian Region). Bulletin de la Société Géologique de France 183(2):117-121; D. Bastiaans, J. J. F. Kroll, D. Cornelissen, J. W. M. Jagt, and A. S. Schulp. 2020. Cranial palaeopathologies in a Late Cretaceous mosasaur from the Netherlands. Cretaceous Research 112",8.00,TL,Polcyn et al. 2014,Navarre Spain; Burgos Spain; New Jersey USA; Limburg Netherlands,Macropredator,,,carnivore,"R. L. Carroll. 1988. Vertebrate Paleontology and Evolution 1-698; A. Hendy, M. Aberhan, J. Alroy, M. Clapham, W. Kiessling, A. Lin, and M. LaFlamme. 2009. Unpublished ecological data in support of GSA 2009 abstract: A 600 million year record of ecological diversification.; P. Gervais. 1852. Zoologie et Paléontologie Françaises (Animaux Vertébrés) ou Nouvelles Recherches sur les Animaux Vivants et Fossiles de la France [French Zoology and Paleontology (Vertebrate Animals) or New Research on the Living and Fossil Animals of France] 1–3:1-274+",,,"based on jaw length, or indirect estimates of jaw length using other preserved portions of the skull",NS,
Reptile,Squamata,Reptilia,Squamata,Prognathodon solvayi,species,Mesozoic,Cretaceous,Upper Cretaceous,Campanian,Cretaceous,Upper Cretaceous,Maastrichtian,"W. J. Kennedy. 1993. Campanian and Maastrichtian ammonites from the Mons Basin and adajcent areas (Belgium). Bulletin de L'Institute Royal des Sciences Naturelles de Belgique 63:99-131; H. Cappetta and J. C. Corral. 1999. Upper Maastrichtian selachians from the Condado de Treviño (Basque-Cantabrian Region, Iberian Peninsula). Estudios del Museo de Ciencias Naturales de Álava 14(núm.esp. 1):339-372",5.00,TL,Polcyn et al. 2014,Belgium; Burgos Spain,Macropredator,,,carnivore,"R. L. Carroll. 1988. Vertebrate Paleontology and Evolution 1-698; A. Hendy, M. Aberhan, J. Alroy, M. Clapham, W. Kiessling, A. Lin, and M. LaFlamme. 2009. Unpublished ecological data in support of GSA 2009 abstract: A 600 million year record of ecological diversification.; P. Gervais. 1852. Zoologie et Paléontologie Françaises (Animaux Vertébrés) ou Nouvelles Recherches sur les Animaux Vivants et Fossiles de la France [French Zoology and Paleontology (Vertebrate Animals) or New Research on the Living and Fossil Animals of France] 1–3:1-274+",,,"based on jaw length, or indirect estimates of jaw length using other preserved portions of the skull",NS,
Reptile,Squamata,Reptilia,Squamata,Prognathodon waiparaensis,species,Mesozoic,Cretaceous,Upper Cretaceous,Maastrichtian,Cretaceous,Upper Cretaceous,Maastrichtian,"J. Lindgren. 2009. Cranial osteology of the giant mosasaur Plesiotylosaurus (Squamata, Mosasauridae). Journal of Paleontology 83(3):448-456",8.00,TL,Polcyn et al. 2014,California USA; South Island New Zealand,Macropredator,,,carnivore,"R. L. Carroll. 1988. Vertebrate Paleontology and Evolution 1-698; A. Hendy, M. Aberhan, J. Alroy, M. Clapham, W. Kiessling, A. Lin, and M. LaFlamme. 2009. Unpublished ecological data in support of GSA 2009 abstract: A 600 million year record of ecological diversification.; P. Gervais. 1852. Zoologie et Paléontologie Françaises (Animaux Vertébrés) ou Nouvelles Recherches sur les Animaux Vivants et Fossiles de la France [French Zoology and Paleontology (Vertebrate Animals) or New Research on the Living and Fossil Animals of France] 1–3:1-274+",,,"based on jaw length, or indirect estimates of jaw length using other preserved portions of the skull",NS,
Reptile,Testudines,Reptilia,Testudines,Psephophorus eocaenus ,species,Cenozoic,Paleogene,Eocene,Priabonian,Paleogene,Eocene,Priabonian,Kohler 2010,1.30,TL,Kohler 2010,Denmark; Egypt,Macropredator,Pelagic,Coastal,durophage; piscivore,"A. Hendy, M. Aberhan, J. Alroy, M. Clapham, W. Kiessling, A. Lin, and M. LaFlamme. 2009. Unpublished ecological data in support of GSA 2009 abstract: A 600 million year record of ecological diversification.; P. Uetz. 2005. Order Testudines - turtles. The European Molecular Biology Laboratory Reptile Database; R. L. Carroll. 1988. Vertebrate Paleontology and Evolution 1-698",,,The length of 23 cm for a reconstructed humerus (Dacque 1912) points towards turtles with a body length of 1.3 m,NS,
Reptile,Testudines,Reptilia,Testudines,Psephophorus polygonus,species,Cenozoic,Paleogene,Miocene,,Paleogene,Miocene,,Delfino 2013,2.00,CPL,Delfino 2013,Apulia Italy; Benevento Italy; Virginia USA; Slovakia; Netherlands,Macropredator,Pelagic,Coastal,durophage; piscivore,"A. Hendy, M. Aberhan, J. Alroy, M. Clapham, W. Kiessling, A. Lin, and M. LaFlamme. 2009. Unpublished ecological data in support of GSA 2009 abstract: A 600 million year record of ecological diversification.; P. Uetz. 2005. Order Testudines - turtles. The European Molecular Biology Laboratory Reptile Database; R. L. Carroll. 1988. Vertebrate Paleontology and Evolution 1-698",,,,NS,
Reptile,Testudines,Reptilia,Testudines,Psephophorus terrypratchetti ,species,Cenozoic,Paleogene,Eocene,Bartonian,Paleogene,Eocene,Bartonian,Kohler 2010,2.50,TL,Kohler 2010,Waihao river New Zealand,Macropredator,Pelagic,Coastal,durophage; piscivore,"A. Hendy, M. Aberhan, J. Alroy, M. Clapham, W. Kiessling, A. Lin, and M. LaFlamme. 2009. Unpublished ecological data in support of GSA 2009 abstract: A 600 million year record of ecological diversification.; P. Uetz. 2005. Order Testudines - turtles. The European Molecular Biology Laboratory Reptile Database; R. L. Carroll. 1988. Vertebrate Paleontology and Evolution 1-698",,,"Estimated with found large platelet-field, two anterior ribs, four anterior thoracic vertebrae, the proximal half of a first rib and fragments of ribs, vertebrae and many isolated platelets",NS,
Reptile,Squamata,Reptilia,Squamata,Rikisaurus tehoensis,species,Mesozoic,Cretaceous,Upper Cretaceous,Campanian,Cretaceous,Upper Cretaceous,Maastrichtian,Polcyn et al. 2014,5.00,TL,Polcyn et al. 2014,,,,,,,,,"based on jaw length, or indirect estimates of jaw length using other preserved portions of the skull",NS,
Reptile,Squamata,Reptilia,Squamata,Russellosaurus coheni,species,Mesozoic,Cretaceous,Upper Cretaceous,Turonian,Cretaceous,Upper Cretaceous,Turonian,"M. J. Polcyn and G. L. Bell. 2005. Russellosaurus coheni n. gen., n. sp., a 92 million-year-old mosasaur from Texas (USA), and the definition of the parafamily Russellosaurina. Netherlands Journal of Geosciences — Geologie en Mijnbouw 84(3):321-333",3.00,TL,Polcyn et al. 2014,Texas USA,Macropredator,,,carnivore,"R. L. Carroll. 1988. Vertebrate Paleontology and Evolution 1-698; A. Hendy, M. Aberhan, J. Alroy, M. Clapham, W. Kiessling, A. Lin, and M. LaFlamme. 2009. Unpublished ecological data in support of GSA 2009 abstract: A 600 million year record of ecological diversification.; P. Gervais. 1852. Zoologie et Paléontologie Françaises (Animaux Vertébrés) ou Nouvelles Recherches sur les Animaux Vivants et Fossiles de la France [French Zoology and Paleontology (Vertebrate Animals) or New Research on the Living and Fossil Animals of France] 1–3:1-274+",,,"based on jaw length, or indirect estimates of jaw length using other preserved portions of the skull",TB,
Reptile,Squamata,Reptilia,Squamata,Selmasaurus johnsoni,species,Mesozoic,Cretaceous,Upper Cretaceous,Santonian,Cretaceous,Upper Cretaceous,Campanian,"E. L. Nicholls. 1988. New material of Toxochelys latiremis Cope, and a revision of the genus Toxochelys (Testudines, Chelonioidea). Journal of Vertebrate Paleontology 8(2):181-187",3.00,TL,Polcyn et al. 2014,Kansas USA,Macropredator,,,carnivore,"R. L. Carroll. 1988. Vertebrate Paleontology and Evolution 1-698; A. Hendy, M. Aberhan, J. Alroy, M. Clapham, W. Kiessling, A. Lin, and M. LaFlamme. 2009. Unpublished ecological data in support of GSA 2009 abstract: A 600 million year record of ecological diversification.; P. Gervais. 1852. Zoologie et Paléontologie Françaises (Animaux Vertébrés) ou Nouvelles Recherches sur les Animaux Vivants et Fossiles de la France [French Zoology and Paleontology (Vertebrate Animals) or New Research on the Living and Fossil Animals of France] 1–3:1-274+",,,"based on jaw length, or indirect estimates of jaw length using other preserved portions of the skull",NS,
Reptile,Ichthyosauria,Reptilia,Ichthyosauria,Shonisaurus popularis,species,Mesozoic,Cretaceous,Upper Cretaceous,,Cretaceous,Upper Cretaceous,Norian,"M. Dalla Vecchia and M. Avanzini. 2002. New findings of isolated remains of Triassic reptiles from Northeastern Italy. Bollettino della Societa Paleontologica Italiana 42(2-3):215-235, J. A. Hogler and R. A. Hanger. 1989. A new condrophorine (Hydrozoa, Velellidae) from the Upper Triassic of Nevada. Journal of Paleontology 63(2):249-251",21.00,TL,Nicholls et al. 2004,"Belluno Italy, Nevada USA",Macropredator,,,carnivore,W. Kiessling. 2004. Ecology opinions.,,,,TB,
Reptile,Ichthyosauria,Reptilia,Ichthyosauria,Shonisaurus sikanniensis,species,Mesozoic,Cretaceous,Upper Cretaceous,Norian,Cretaceous,Upper Cretaceous,Norian,E. L. Nicholls and M. Manabe. 2004. Giant ichthyosaurs of the Triassic - a new species of Shonisaurus from the Pardonet Formation (Norian: Late Triassic) of British Columbia. Journal of Vertebrate Paleontology 24(4):838-849,21.00,TL,Nicholls et al. 2004,British Columbia Canada,Macropredator,,,carnivore,W. Kiessling. 2004. Ecology opinions.,,,,TB,
Reptile,Plesiosauria,Reptilia,Plesiosauria,Styxosaurus snowii,species,Mesozoic,Cretaceous,Upper Cretaceous,Campanian,Cretaceous,Upper Cretaceous,Campanian,Everhart 2005,10.00,TL,Everhart 2005,South Dakota,Macropredator,,,carnivore,W. Kiessling. 2004. Ecology opinions.,,,Estimated from nearly complete skeleton,NS,
Reptile,Squamata,Reptilia,Squamata,Taniwhasaurus antarcticus,species,Mesozoic,Cretaceous,Upper Cretaceous,Campanian,Cretaceous,Upper Cretaceous,Campanian,Polcyn et al. 2014,5.00,TL,Polcyn et al. 2014,Antarctica,Macropredator,,,carnivore,"R. L. Carroll. 1988. Vertebrate Paleontology and Evolution 1-698; A. Hendy, M. Aberhan, J. Alroy, M. Clapham, W. Kiessling, A. Lin, and M. LaFlamme. 2009. Unpublished ecological data in support of GSA 2009 abstract: A 600 million year record of ecological diversification.; P. Gervais. 1852. Zoologie et Paléontologie Françaises (Animaux Vertébrés) ou Nouvelles Recherches sur les Animaux Vivants et Fossiles de la France [French Zoology and Paleontology (Vertebrate Animals) or New Research on the Living and Fossil Animals of France] 1–3:1-274+",,,"based on jaw length, or indirect estimates of jaw length using other preserved portions of the skull",NS,
Reptile,Squamata,Reptilia,Squamata,Taniwhasaurus oweni,species,Mesozoic,Cretaceous,Upper Cretaceous,Campanian,Cretaceous,Upper Cretaceous,Maastrichtian,"M. W. Caldwell, R. Holmes, G. L. Bell, Jr. and J. Wiffen. 2005. An unusual tylosaurine mosasaur from New Zealand: a new skull of Taniwhasaurus oweni (Lower Haumurian; Upper Cretaceous). Journal of Vertebrate Paleontology 25(2):393-401",5.5,TL,Polcyn et al. 2014,New Zealand,Macropredator,,,carnivore,"R. L. Carroll. 1988. Vertebrate Paleontology and Evolution 1-698; A. Hendy, M. Aberhan, J. Alroy, M. Clapham, W. Kiessling, A. Lin, and M. LaFlamme. 2009. Unpublished ecological data in support of GSA 2009 abstract: A 600 million year record of ecological diversification.; P. Gervais. 1852. Zoologie et Paléontologie Françaises (Animaux Vertébrés) ou Nouvelles Recherches sur les Animaux Vivants et Fossiles de la France [French Zoology and Paleontology (Vertebrate Animals) or New Research on the Living and Fossil Animals of France] 1–3:1-274+",,,,NS,
Reptile,Protorosauria,Reptilia,Protorosauria,Tanystropheus longobardicus,species,Mesozoic,Triassic,Middle Triassic,Anisian,Triassic,Middle Triassic,Anisian,F. Bassani. 1886. Sui fossili e sull'età degli schisti bituminosi triasici di Besano in Lombardia. Atti della Società Italiana di Scienze Naturali 29:15-72,6.00,TL,"Rieppel, 2019, Mesozoic Sea Dragons, Indiana University Press, Protorosaurs, p.182-189","Besano Italy, Monte San Giorgio Switzerland",Macropredator,,,piscivore,"S. Renesto. 2005. A new specimen of Tanystropheus (Reptilia Protorosauria) from the Middle Triassic of Switzerland and the ecology of the genus. Rivista Italiana di Paleontologia e Stratigrafia 111(3):377-394; R. L. Carroll. 1988. Vertebrate Paleontology and Evolution 1-698; A. Hendy, M. Aberhan, J. Alroy, M. Clapham, W. Kiessling, A. Lin, and M. LaFlamme. 2009. Unpublished ecological data in support of GSA 2009 abstract: A 600 million year record of ecological diversification.",,,,NS,
Reptile,Ichthyosauria,Reptilia,Ichthyosauria,Thalattoarchon saurophagis,species,Mesozoic,Triassic,Middle Triassic,Anisian,Triassic,Middle Triassic,Anisian,"Rieppel, 2019, Mesozoic Sea Dragons, Indiana University Press, Ichthyosaurs, p.91; N. B. Fröbisch, J. Fröbisch, P. M. Sander, L. Schmitz, and O. Rieppel. 2013. Macropredatory ichthyosaur from the Middle Triassic and the origin of modern trophic networks. Proceedings of the National Academy of Sciences 110(4):1393-1397",8.60,TL,"Rieppel, 2019, Mesozoic Sea Dragons, Indiana University Press, Ichthyosaurs, p.91",Nevada USA,Macropredator,,,carnivore,W. Kiessling. 2004. Ecology opinions.,,,"Age given as: Pelsonian in N. B. Fröbisch, J. Fröbisch, P. M. Sander, L. Schmitz, and O. Rieppel. 2013. Macropredatory ichthyosaur from the Middle Triassic and the origin of modern trophic networks. Proceedings of the National Academy of Sciences 110(4):1393-1397",NS,
Reptile,Squamata,Reptilia,Squamata,Tylosaurus bernardi,species,Mesozoic,Cretaceous,Upper Cretaceous,Maastrichtian,Cretaceous,Upper Cretaceous,Maastrichtian,Jimenez-Huidobro et.al 2016,12.20,TL,Jimenez-Huidobro et al. 2016,Belgium,Macropredator,,,carnivore,"R. L. Carroll. 1988. Vertebrate Paleontology and Evolution 1-698; A. Hendy, M. Aberhan, J. Alroy, M. Clapham, W. Kiessling, A. Lin, and M. LaFlamme. 2009. Unpublished ecological data in support of GSA 2009 abstract: A 600 million year record of ecological diversification.; P. Gervais. 1852. Zoologie et Paléontologie Françaises (Animaux Vertébrés) ou Nouvelles Recherches sur les Animaux Vivants et Fossiles de la France [French Zoology and Paleontology (Vertebrate Animals) or New Research on the Living and Fossil Animals of France] 1–3:1-274+",,,,NS,
Reptile,Squamata,Reptilia,Squamata,Tylosaurus kansasensis,species,Mesozoic,Cretaceous,Upper Cretaceous,Turonian,Cretaceous,Upper Cretaceous,Coniacian,Flores 2012; Everhart Jan. 2005,7.00,TL,Everhart Jan. 2005,Mexico USA; Kansas USA,Macropredator,,,carnivore,"R. L. Carroll. 1988. Vertebrate Paleontology and Evolution 1-698; A. Hendy, M. Aberhan, J. Alroy, M. Clapham, W. Kiessling, A. Lin, and M. LaFlamme. 2009. Unpublished ecological data in support of GSA 2009 abstract: A 600 million year record of ecological diversification.; P. Gervais. 1852. Zoologie et Paléontologie Françaises (Animaux Vertébrés) ou Nouvelles Recherches sur les Animaux Vivants et Fossiles de la France [French Zoology and Paleontology (Vertebrate Animals) or New Research on the Living and Fossil Animals of France] 1–3:1-274+",,,"From Niobrara Chalk of the  Western Interior Sea; Tips of three Cretoxyrhina teeth embedded in the skull and lower jaws of a large Tylosaurus are evidence of several bites by a large shark, mosasaurs use their teeth for seizing, not dismembering, large marine vertebrates, mosasaurs unlikely to seek prey larger than they could swallow intact (Everhart 2005)
Nearly complete skull, 42 articulated cervical,
dorsal, pygal and caudal vertebrae, ribs and front limbs collected.
",NS,
Reptile,Squamata,Reptilia,Squamata,Tylosaurus nepaeolicus,species,Mesozoic,Cretaceous,Upper Cretaceous,Coniacian,Cretaceous,Upper Cretaceous,Santonian,Jimenez-Huidobro et.al 2016,9.00,TL,Everhart 2002,Western Kansas USA,Macropredator,,,carnivore,"R. L. Carroll. 1988. Vertebrate Paleontology and Evolution 1-698; A. Hendy, M. Aberhan, J. Alroy, M. Clapham, W. Kiessling, A. Lin, and M. LaFlamme. 2009. Unpublished ecological data in support of GSA 2009 abstract: A 600 million year record of ecological diversification.; P. Gervais. 1852. Zoologie et Paléontologie Françaises (Animaux Vertébrés) ou Nouvelles Recherches sur les Animaux Vivants et Fossiles de la France [French Zoology and Paleontology (Vertebrate Animals) or New Research on the Living and Fossil Animals of France] 1–3:1-274+",,,Measurement of Skull and series of vertebrae lead to estimation,NS,
Reptile,Squamata,Reptilia,Squamata,Tylosaurus proriger,species,Mesozoic,Cretaceous,Upper Cretaceous,Santonian,Cretaceous,Upper Cretaceous,Campanian,Everhart 2002,13.00,TL,Everhart 2002,Western Kansas USA,Macropredator,,,carnivore,"R. L. Carroll. 1988. Vertebrate Paleontology and Evolution 1-698; A. Hendy, M. Aberhan, J. Alroy, M. Clapham, W. Kiessling, A. Lin, and M. LaFlamme. 2009. Unpublished ecological data in support of GSA 2009 abstract: A 600 million year record of ecological diversification.; P. Gervais. 1852. Zoologie et Paléontologie Françaises (Animaux Vertébrés) ou Nouvelles Recherches sur les Animaux Vivants et Fossiles de la France [French Zoology and Paleontology (Vertebrate Animals) or New Research on the Living and Fossil Animals of France] 1–3:1-274+",,,,NS,
Reptile,Squamata,Reptilia,Squamata,Vallecillosaurus donrobertoi,species,Mesozoic,Cretaceous,Upper Cretaceous,Turonian,Cretaceous,Upper Cretaceous,Turonian,"K. T. Smith and M.-C. Buchy. 2008. A new aigialosaur (Squamata: Anguimorpha) with soft tissue remains from the Upper Cretaceous of Nuevo León, Mexico. Journal of Vertebrate Paleontology 28(1):85-94",1.50,TL,Polcyn et al. 2014,Nuevo Leòn Mexico,,,,,,,,portions of the vertebral column were compared with other specimens of similar sizebelonging to the same subfamily or clade and measurements were approximated.,NS,
Bird,Sphenisciformes,Aves ,Sphenisciformes,Waimanu manneringi,species,Cenozoic,Paleogene,Paleocene,Selandian-Thanetian,Paleogene,Paleocene,Selandian-Thanetian,"K. E. Slack, C. M. Jones, T. Ando, G. L. Harrison, R. E. Fordyce, U. Arnason, and D. Penny. 2006. Early penguin fossils, plus mitochondrial genomes, calibrate avian evolution. Molecular Biology and Evolution 23(6):1144-1155",1.30,TL,"K. E. Slack, C. M. Jones, T. Ando, G. L. Harrison, R. E. Fordyce, U. Arnason, and D. Penny. 2006. Early penguin fossils, plus mitochondrial genomes, calibrate avian evolution. Molecular Biology and Evolution 23(6):1144-1155",New Zealand,Macropredator,Pelagic,Coastal,carnivore,"A. M. Bush and R. K. Bambach. 2015. Sustained Mesozoic-Cenozoic diversification of marine Metazoa: a consistent signal from the fossil record. GSA Data Repository 2015330; M. J. Benton. 1983. Dinosaur success in the Triassic: a noncompetitive ecological model. Quarterly Review of Biology 58(1):29-55; O. C. Marsh. 1875. On the Odontornithes, or birds with teeth. American Journal of Science 10:403-412",,,The size of an emperor penguin',NS,
Reptile,Squamata,Reptilia,Squamata,Yaguarasaurus colombianus,species,Mesozoic,Cretaceous,Upper Cretaceous,Turonian,Cretaceous,Upper Cretaceous,Turonian,"Páramo, M.E., 2000. Yaguarasaurus columbianus (Reptila, Mosasauridae), a primitivemosasaur from the Turonian (Upper Cretaceous) of Columbia. Historical Biology14, 121–131",4.00,TL,Polcyn et al. 2014,Colombia,Macropredator,Pelagic,Coastal,,PBDB,,,"based on jaw length, or indirect estimates of jaw length using other preserved portions of the skull",NS,